symbol,price,prob_long,prob_long_pct,sl_long,tp_long,prob_short,prob_short_pct,sl_short,tp_short,trend_100b,volume_ratio
1000SHIBUSDT,0.005149,0.5487269753290742,54.87,0.005123255,0.00520049,0.9377332914437089,93.77,0.005193571428571429,0.005059857142857141,-0.21,1.11
1000XECUSDT,0.006854,0.35283435781929395,35.28,0.006760571428571428,0.007040857142857143,0.40152095267445925,40.15,0.006910428571428572,0.006741142857142856,0.12,1.47
ACTUSDT,0.010979,0.3371124582378594,33.71,0.010748142857142855,0.011440714285714287,0.5931202963934907,59.31,0.011033894999999998,0.010869209999999999,1.69,0.5
0GUSDT,0.1612,0.2262958909753126,22.63,0.1573,0.16900000000000004,0.24736288039276463,24.74,0.1628,0.15800000000000003,1.64,3.57
1000000BOBUSDT,0.01534,0.715983930207426,71.6,0.015263299999999999,0.0154934,0.3319177671778195,33.19,0.015538571428571428,0.014942857142857143,-0.9,0.54
1000LUNCUSDT,0.05226,0.7744880183239393,77.45,0.0519987,0.0527826,0.8281738424366584,82.82,0.0525213,0.0517374,0.11,0.54
1000SATSUSDT,1.104e-05,0.4850670279371294,48.51,1.0984799999999999e-05,1.11504e-05,0.7971983449168648,79.72,1.1124285714285715e-05,1.0871428571428568e-05,-0.09,1.07
1MBABYDOGEUSDT,0.0003606,0.39975921718418533,39.98,0.000358797,0.000364206,0.788683908396988,78.87,0.0003627857142857143,0.00035622857142857134,-0.25,2.3
2ZUSDT,0.05585,0.22545668585569595,22.55,0.055330000000000004,0.05688999999999998,0.3209061195681715,32.09,0.05615,0.055249999999999994,0.36,0.67
ACHUSDT,0.004891,0.6217495649855712,62.17,0.004866142857142857,0.004940714285714287,0.2989569650118359,29.9,0.004924857142857142,0.004823285714285717,-0.18,0.22
ACUUSDT,0.11856,0.22749595266524023,22.75,0.11751571428571428,0.12064857142857144,0.15505199753256926,15.51,0.12099428571428572,0.11369142857142855,-1.34,0.22
1000CATUSDT,0.001896,0.5035086355440539,50.35,0.0018865199999999998,0.0019149599999999998,0.210556719366879,21.06,0.0019227142857142858,0.001842571428571428,-0.78,0.7
1000BONKUSDT,0.002951,0.5389695538621073,53.9,0.002936245,0.00298051,0.6820553587960464,68.21,0.002973,0.0029070000000000003,0.0,2.58
AEVOUSDT,0.02195,0.22470099130473242,22.47,0.02175714285714286,0.02233571428571428,0.22792475874105952,22.79,0.022132857142857138,0.021584285714285726,0.18,0.3
1000000MOGUSDT,0.1134,0.5481905760232216,54.82,0.112833,0.114534,0.8806293139328254,88.06,0.11431428571428572,0.11157142857142857,-0.35,0.51
1000FLOKIUSDT,0.02538,0.81798079494808,81.8,0.025234285714285716,0.025671428571428567,0.7776206278417722,77.76,0.0255069,0.0251262,0.2,0.5
1INCHUSDT,0.08718,0.6938847585055415,69.39,0.08674409999999999,0.0880518,0.640377658219265,64.04,0.0876159,0.08630819999999999,-0.01,0.33
1000CHEEMSUSDT,0.0005149,0.41648056879510986,41.65,0.0005105,0.0005237,0.44352398159231965,44.35,0.0005185999999999999,0.0005075000000000001,0.08,0.43
4USDT,0.011798,0.36940444585189774,36.94,0.01163342857142857,0.012127142857142857,0.34028272759824324,34.03,0.01196557142857143,0.01146285714285714,0.96,0.63
1000PEPEUSDT,0.0036642,0.36983496676346733,36.98,0.003645879,0.0037008419999999998,0.5504916021785293,55.05,0.0037019857142857144,0.0035886285714285707,-0.48,0.47
AEROUSDT,0.4882,0.8573377292194111,85.73,0.485759,0.493082,0.40441358409372546,40.44,0.4937285714285714,0.47714285714285726,-0.71,0.58
AAVEUSDT,121.55,0.32082647636150763,32.08,120.86285714285714,122.92428571428572,0.3493870269301588,34.94,122.27714285714286,120.09571428571427,-0.2,0.52
1000RATSUSDT,0.04233,0.4599219287113096,45.99,0.04194857142857143,0.043092857142857134,0.2632089707321308,26.32,0.04254165,0.0419067,0.5,0.59
ADAUSDT,0.2016,0.31118102923391605,31.12,0.2003285714285714,0.20414285714285718,0.3275629146853215,32.76,0.2031714285714286,0.19845714285714283,-0.1,1.0
ACEUSDT,0.19244,0.21223137601641784,21.22,0.18987285714285715,0.1975742857142857,0.2664591181884119,26.65,0.19439714285714285,0.1885257142857143,0.83,0.59
AGLDUSDT,0.1656,0.2790103240331258,27.9,0.16392857142857142,0.16894285714285714,0.25165109350468845,25.17,0.16797142857142858,0.16085714285714284,0.73,0.34
AINUSDT,0.06995,0.33722049337399107,33.72,0.06956857142857142,0.07071285714285715,0.418404477880409,41.84,0.07191142857142857,0.06602714285714285,-2.2,0.72
AGTUSDT,0.016227,0.1640791423462078,16.41,0.016145865,0.016389269999999997,0.12619195101300865,12.62,0.016391,0.015898999999999996,-0.11,0.21
AIOTUSDT,0.0386,0.19060175321662387,19.06,0.03801857142857143,0.03976285714285715,0.38138828575357625,38.14,0.03883142857142857,0.03813714285714286,1.07,0.26
AIAUSDT,0.07905,0.5179345260312337,51.79,0.07857428571428571,0.08000142857142857,0.7231905546228704,72.32,0.07971571428571429,0.0777185714285714,0.34,0.32
AIGENSYNUSDT,0.01962,0.6017469219638883,60.17,0.0195219,0.0198162,0.1618812144608675,16.19,0.019924285714285717,0.01901142857142856,-0.66,0.65
AIXBTUSDT,0.02004,0.24811896008895,24.81,0.01987142857142857,0.020377142857142854,0.2937844113238372,29.38,0.02015857142857143,0.01980285714285714,0.35,0.56
ALGOUSDT,0.08702,0.3568735352060011,35.69,0.08606714285714286,0.08892571428571429,0.5287347248756693,52.87,0.0874551,0.0861498,0.74,0.75
AIOUSDT,0.0436,0.2735121725505043,27.35,0.04302714285714286,0.04474571428571428,0.2901158179259511,29.01,0.04388285714285714,0.04303428571428572,-0.05,0.9
ALCHUSDT,0.03136,0.16480714697978782,16.48,0.030067142857142855,0.03394571428571429,0.2489048739624651,24.89,0.03199285714285714,0.030094285714285712,-1.1,0.28
ALPINEUSDT,0.3455,0.313575373546408,31.36,0.34164285714285714,0.35321428571428565,0.5591780769370582,55.92,0.34722749999999997,0.342045,0.76,0.94
ALLUSDT,0.5414,0.6634988914972402,66.35,0.538693,0.546814,0.5108068015142162,51.08,0.544107,0.535986,-0.11,0.23
AKEUSDT,0.009461,0.41590795684566284,41.59,0.00886557142857143,0.010651857142857143,0.2946654616830978,29.47,0.009773428571428572,0.008836142857142858,4.39,0.63
ANKRUSDT,0.003963,0.2516058516955757,25.16,0.003936571428571428,0.004015857142857145,0.2620908716032781,26.21,0.003990428571428572,0.003908142857142857,0.1,1.03
ALTUSDT,0.006218,0.16518942044618906,16.52,0.006180142857142857,0.006293714285714284,0.23249347757490482,23.25,0.006257857142857142,0.006138285714285714,0.0,0.26
ALLOUSDT,0.24264,0.3192345386173313,31.92,0.24061,0.2467,0.21947140225669146,21.95,0.24503,0.23786,-0.52,0.97
API3USDT,0.2258,0.6726973569734745,67.27,0.224671,0.228058,0.3768179518903224,37.68,0.22722857142857142,0.22294285714285716,0.13,0.26
ANIMEUSDT,0.002603,0.49132828148925206,49.13,0.002585142857142857,0.0026387142857142855,0.38523250295786704,38.52,0.002622857142857143,0.0025632857142857137,0.39,0.37
APRUSDT,0.2026,0.23562767046129782,23.56,0.20158700000000002,0.204626,0.15881229114396644,15.88,0.20625714285714283,0.19528571428571434,-0.05,0.55
ALICEUSDT,0.137,0.358892098467475,35.89,0.13615714285714287,0.1386857142857143,0.2558644089706848,25.59,0.13844285714285715,0.13411428571428574,-0.58,1.46
APEUSDT,0.1365,0.3694962663964629,36.95,0.13535714285714284,0.13878571428571435,0.430294305716791,43.03,0.13754285714285716,0.1344142857142857,0.22,0.29
AKTUSDT,0.5155,0.5174115203949591,51.74,0.5124285714285715,0.521642857142857,0.23183093616049513,23.18,0.5186714285714286,0.5091571428571428,0.14,0.24
ARBUSDT,0.08738,0.44451198765973615,44.45,0.0869431,0.0882538,0.8760762359163343,87.61,0.08798285714285714,0.08617428571428572,-0.18,0.68
ARCUSDT,0.07061,0.3429565137787881,34.3,0.06940857142857143,0.07301285714285716,0.36590006216862675,36.59,0.07174142857142857,0.06834714285714288,-0.58,0.45
APTUSDT,0.5382,0.21291584406362493,21.29,0.5346714285714286,0.5452571428571429,0.18992673291101644,18.99,0.540891,0.532818,-0.02,0.64
ARIAUSDT,0.03221,0.26699654026161884,26.7,0.03193142857142857,0.03276714285714287,0.26699654026161884,26.7,0.03252857142857143,0.03157285714285715,-0.03,0.73
ARKMUSDT,0.1105,0.198778292408628,19.88,0.10941428571428573,0.11267142857142855,0.3097475193511867,30.97,0.11138571428571428,0.10872857142857144,0.36,1.26
ARKUSDT,0.1103,0.3385392980466933,33.85,0.10951428571428573,0.11187142857142852,0.3036247459668307,30.36,0.11085149999999999,0.10919699999999999,0.46,0.5
ARPAUSDT,0.009426,0.5327255497051258,53.27,0.009378870000000001,0.009520260000000001,0.7552677028906901,75.53,0.00947542857142857,0.00932714285714286,-0.24,0.42
ARUSDT,2.066,0.7014969568258541,70.15,2.0501428571428573,2.097714285714285,0.49352544118330344,49.35,2.07633,2.04534,0.15,0.71
ARXUSDT,0.1209,0.315986925478148,31.6,0.1202955,0.122109,0.1433662088935856,14.34,0.12324285714285713,0.11621428571428573,-0.58,0.36
ASTERUSDT,0.6971,0.28428942568481785,28.43,0.6848000000000001,0.7217,0.3481053338384687,34.81,0.7011999999999999,0.6889000000000003,1.54,0.4
ATHUSDT,0.004676,0.31131576447476744,31.13,0.004631714285714286,0.004764571428571427,0.30053729767928106,30.05,0.0046993799999999995,0.00462924,0.62,0.25
ATOMUSDT,1.479,0.21832397557710254,21.83,1.4685714285714286,1.499857142857143,0.20281040309380988,20.28,1.4894285714285713,1.4581428571428576,-0.27,0.5
ASTRUSDT,0.005576,0.23526440972248203,23.53,0.005445571428571428,0.0058368571428571445,0.4233726933667293,42.34,0.005640428571428571,0.005447142857142858,2.11,0.52
ASRUSDT,0.881,0.5681099866734848,56.81,0.8762857142857143,0.8904285714285713,0.5681099866734848,56.81,0.8857142857142857,0.8715714285714287,0.0,1.12
ATUSDT,0.1338,0.15586513537808167,15.59,0.1321,0.13720000000000002,0.21487664242295904,21.49,0.1351,0.1312,0.83,0.41
B2USDT,0.4517,0.21442444755158985,21.44,0.4482285714285714,0.45864285714285713,0.1920461485287974,19.2,0.4548714285714286,0.4453571428571428,0.04,1.16
AVAAIUSDT,0.008758,0.3223911323895952,32.24,0.008664285714285716,0.008945428571428568,0.18444911661531402,18.44,0.00880179,0.00867042,0.26,0.88
AZTECUSDT,0.01338,0.6890489976648634,68.9,0.0133131,0.0135138,0.5417806013908673,54.18,0.013462857142857144,0.01321428571428571,-0.15,0.21
BABYUSDT,0.01239,0.5227388461457226,52.27,0.01232805,0.0125139,0.15931809105139347,15.93,0.012795714285714287,0.011578571428571426,-1.74,0.25
AVAXUSDT,7.261,0.56103402577597,56.1,7.2246950000000005,7.33361,0.6520771490617288,65.21,7.297305,7.18839,0.01,0.72
AWEUSDT,0.06316,0.3589891918592031,35.9,0.06278714285714285,0.06390571428571429,0.23250817489342013,23.25,0.06402285714285715,0.06143428571428569,-0.83,1.06
AXLUSDT,0.03993,0.1332114328086677,13.32,0.039554285714285715,0.04068142857142857,0.26960287535916005,26.96,0.040235714285714284,0.03931857142857143,0.43,0.53
AXSUSDT,0.8959,0.15582790038490765,15.58,0.889,0.9097000000000001,0.16370550217002502,16.37,0.9016,0.8845000000000002,0.1,0.17
AVNTUSDT,0.09849,0.1539840941827659,15.4,0.09749285714285713,0.10048428571428572,0.22453384183096592,22.45,0.09914714285714286,0.09717571428571425,0.16,0.29
AVAUSDT,0.2009,0.6536734621347234,65.37,0.1998955,0.202909,0.4050762459194259,40.51,0.20212857142857144,0.19844285714285712,0.0,0.11
BANANAUSDT,3.848,0.7872174763075309,78.72,3.826857142857143,3.8902857142857137,0.49010013990553297,49.01,3.86724,3.80952,0.29,0.22
BANANAS31USDT,0.008758,0.6346499516810231,63.46,0.008692142857142857,0.008889714285714287,0.6352556581270589,63.53,0.00880179,0.00867042,0.53,2.62
AUSDT,0.07539,0.23301297466278975,23.3,0.07443571428571429,0.07729857142857142,0.5582393922364035,55.82,0.07576695,0.0746361,0.8,0.79
AUCTIONUSDT,3.166,0.4327187956506776,43.27,3.125142857142857,3.2477142857142858,0.6264768133168048,62.65,3.2078571428571427,3.0822857142857143,0.96,0.79
BANKUSDT,0.03508,0.22826963002702927,22.83,0.03465571428571428,0.035928571428571435,0.2757769280256396,27.58,0.035294285714285716,0.03465142857142857,-0.03,0.61
BANDUSDT,0.1713,0.3197115261799304,31.97,0.16922857142857145,0.17544285714285712,0.40579504601196115,40.58,0.17227142857142855,0.16935714285714293,0.88,1.49
BARDUSDT,0.1173,0.34035484564057505,34.04,0.11658571428571428,0.11872857142857145,0.29125688332084343,29.13,0.12001428571428573,0.11187142857142855,0.34,0.57
BANUSDT,0.07181,0.7237191243254002,72.37,0.07139,0.07265,0.46967827454657374,46.97,0.07216905,0.0710919,0.14,0.65
BASEDUSDT,0.07044,0.6329791033150437,63.3,0.07004,0.07124,0.23266309788280917,23.27,0.07086999999999999,0.06958000000000003,-0.35,0.2
BASUSDT,0.024969,0.5354513289652585,53.55,0.024128999999999998,0.02664900000000001,0.3829444466725374,38.29,0.025276000000000003,0.024354999999999998,1.62,0.71
BATUSDT,0.0683,0.39409002602204246,39.41,0.06794857142857143,0.06900285714285714,0.5967366546823305,59.67,0.06883142857142857,0.06723714285714286,0.22,0.67
BCHUSDT,247.67,0.6060611119999947,60.61,246.43165,250.14669999999998,0.456411806378646,45.64,248.90834999999998,245.1933,0.11,0.7
BBUSDT,0.00876,0.25881879403903696,25.88,0.008694285714285715,0.008891428571428571,0.21182356870265473,21.18,0.008915714285714285,0.00844857142857143,0.23,0.86
BEATUSDT,0.1294,0.1796279445739502,17.96,0.12504285714285715,0.13811428571428566,0.27101616058656675,27.1,0.13125714285714285,0.12568571428571426,2.7,0.48
BERAUSDT,0.1665,0.23004282570370657,23.0,0.16558571428571428,0.16832857142857147,0.3084110555395762,30.84,0.1677142857142857,0.16407142857142862,-0.18,0.77
BELUSDT,0.11457,0.25144666229586965,25.14,0.11399715,0.1157157,0.30527143758326647,30.53,0.11585571428571428,0.11199857142857145,-0.15,0.27
BEAMXUSDT,0.001578,0.4467826558375349,44.68,0.0015677142857142858,0.0015985714285714284,0.43410042600903576,43.41,0.0016262857142857142,0.0014814285714285715,-2.41,0.65
BIRBUSDT,0.05633,0.294099819862679,29.41,0.05604835,0.0568933,0.27528622714592266,27.53,0.05688714285714286,0.05521571428571428,0.21,0.54
BIOUSDT,0.02767,0.6546133790753675,65.46,0.027524285714285716,0.027961428571428568,0.7730510038029307,77.31,0.027825714285714283,0.027358571428571433,0.07,0.56
BICOUSDT,0.02247,0.15153429163213022,15.15,0.022182857142857143,0.023044285714285715,0.269374616350843,26.94,0.023357142857142858,0.020695714285714286,-3.06,1.52
BMTUSDT,0.02224,0.23395627827515883,23.4,0.02211857142857143,0.02248285714285714,0.18585684062077829,18.59,0.022641428571428573,0.021437142857142853,-0.58,0.66
BNBUSDT,688.51,0.6741149528007174,67.41,685.06745,695.3951,0.7270599172374237,72.71,691.95255,681.6249,-0.18,1.24
BLURUSDT,0.01609,0.0729481868729697,7.29,0.015895714285714287,0.016478571428571426,0.6531904482866371,65.32,0.01617045,0.0159291,0.81,0.23
BNTUSDT,0.318,0.6065303703351401,60.65,0.31641,0.32118,0.7679626783710003,76.8,0.3199,0.3142,-0.28,0.42
BLESSUSDT,0.010918,0.36130079222575134,36.13,0.010850571428571428,0.011052857142857146,0.23121822915598692,23.12,0.011373428571428573,0.010007142857142857,-2.37,0.92
BOMEUSDT,0.0010111,0.44395960044207844,44.4,0.0009831285714285716,0.001067042857142857,0.3384474868645264,33.84,0.0010203714285714285,0.000992557142857143,2.18,1.09
BILLUSDT,0.02026,0.4183591340385079,41.84,0.020061428571428574,0.020657142857142853,0.3812393073539854,38.12,0.020658571428571425,0.01946285714285715,-0.15,0.86
BIGTIMEUSDT,0.006331,0.21788172345712498,21.79,0.006222285714285714,0.006548428571428571,0.32408025931282247,32.41,0.006396714285714286,0.0061995714285714276,1.25,1.08
BRETTUSDT,0.004987,0.24883262049706614,24.88,0.004952428571428571,0.005056142857142858,0.27374220385049625,27.37,0.005031571428571429,0.004897857142857143,0.38,0.85
BREVUSDT,0.07058,0.43397876327789464,43.4,0.0702271,0.07128580000000001,0.6003876391961995,60.04,0.07119428571428571,0.06935142857142859,0.18,1.0
BROCCOLI714USDT,0.01684,0.5592016833968755,55.92,0.016731428571428574,0.017057142857142854,0.40075073284127144,40.08,0.016938571428571424,0.016642857142857154,0.12,0.89
BROCCOLIF3BUSDT,0.005887,0.20269410173650085,20.27,0.005831428571428572,0.005998142857142856,0.29022662848885306,29.02,0.005935571428571429,0.005789857142857142,0.62,0.49
BRUSDT,0.24109,0.5169000576204307,51.69,0.23988455,0.2435009,0.20414290925872558,20.41,0.24480428571428572,0.23366142857142855,-1.24,0.94
BSBUSDT,0.10143,0.31498429964659735,31.5,0.09975428571428571,0.1047814285714286,0.35177078306008835,35.18,0.10243571428571428,0.09941857142857145,0.94,0.86
BSVUSDT,16.57,0.4145940008593583,41.46,16.392857142857142,16.924285714285716,0.5239325980780511,52.39,16.65285,16.4043,0.49,2.8
BTCDOMUSDT,5339.7,0.3426270698634431,34.26,5313.001499999999,5393.097,0.5880158373429092,58.8,5366.3985,5286.303,-0.2,2.03
BTWUSDT,0.40574,0.8213807601930277,82.14,0.3991,0.41901999999999995,0.88463902622835,88.46,0.44285,0.3315199999999999,-5.61,1.24
BTCUSDT,77354.2,0.637208777743538,63.72,76967.429,78127.742,0.7340733903690889,73.41,77792.78571428572,76477.02857142854,-0.41,0.39
BTRUSDT,0.15995,0.22414413387067955,22.41,0.1584757142857143,0.16289857142857142,0.2306182148216117,23.06,0.1664542857142857,0.14694142857142864,-1.45,0.61
BULLAUSDT,0.016729,0.4246753163068464,42.47,0.016645355,0.01689629,0.42010176434905505,42.01,0.016812645,0.01656171,0.04,0.64
BUSDT,0.1368,0.41690905854693794,41.69,0.13522857142857145,0.13994285714285712,0.677564951796984,67.76,0.137484,0.135432,0.37,0.56
C98USDT,0.0145,0.39933946090050054,39.93,0.014277142857142856,0.01494571428571429,0.3795041263388546,37.95,0.014642857142857143,0.014214285714285716,0.69,1.09
CELOUSDT,0.07463,0.27938653041312383,27.94,0.07399285714285714,0.07590428571428573,0.2311526850592147,23.12,0.07531714285714286,0.07325571428571429,0.23,0.41
CETUSUSDT,0.02335,0.10786017271678255,10.79,0.02318,0.02369,0.12342650192192214,12.34,0.02349,0.023069999999999997,0.0,0.5
CATIUSDT,0.05309,0.22982045728817724,22.98,0.05265142857142857,0.05396714285714285,0.20785704452097784,20.79,0.05367857142857143,0.051912857142857136,-0.19,0.93
CARVUSDT,0.03233,0.3113790744390526,31.14,0.03203285714285714,0.03292428571428571,0.5485004967797393,54.85,0.03253714285714286,0.03191571428571427,0.34,0.45
CAKEUSDT,1.6988,0.7674429731031233,76.74,1.690306,1.715788,0.7191654736049218,71.92,1.707294,1.681812,-0.14,0.55
CCUSDT,0.11054,0.3180462206920671,31.8,0.10918714285714287,0.11324571428571426,0.7722739907970027,77.23,0.1110927,0.10943459999999999,1.02,1.65
CAPUSDT,0.0694,0.2460587039758756,24.61,0.06894714285714286,0.07030571428571429,0.19820762375614762,19.82,0.07045285714285715,0.06729428571428571,0.19,0.82
CELRUSDT,0.002314,0.26834811071033504,26.83,0.002295428571428571,0.002351142857142858,0.36437362276408497,36.44,0.0023325714285714286,0.002276857142857143,0.22,0.47
CFXUSDT,0.04544,0.7652662903541915,76.53,0.045155714285714285,0.04600857142857143,0.6057181086549461,60.57,0.0456672,0.0449856,0.07,1.5
CHILLGUYUSDT,0.013886,0.7021388859727172,70.21,0.012749,0.01616,0.5583852773315853,55.84,0.014102,0.013454000000000002,2.72,2.65
CGPTUSDT,0.01993,0.6772308487222352,67.72,0.01983035,0.0201293,0.6930697855970317,69.31,0.02002965,0.0197307,-0.05,0.38
CHIPUSDT,0.04105,0.4716902872957605,47.17,0.04080285714285714,0.04154428571428573,0.3843319449768341,38.43,0.04245714285714285,0.0382357142857143,-0.99,0.88
CHZUSDT,0.01355,0.28575199071935337,28.58,0.013444285714285714,0.01376142857142857,0.1802148387771441,18.02,0.013665714285714285,0.01331857142857143,-0.37,0.57
CHRUSDT,0.01464,0.40057398878913036,40.06,0.0145668,0.0147864,0.11688726962848746,11.69,0.014838571428571428,0.014242857142857144,-0.75,0.21
CKBUSDT,0.0009861,0.20233687234848755,20.23,0.0009773714285714287,0.0010035571428571425,0.18915061567752478,18.92,0.0010004285714285714,0.0009574428571428571,0.49,0.22
CLANKERUSDT,12.49,0.372450929958677,37.25,12.41,12.65,0.22554066475213416,22.55,12.559999999999999,12.350000000000003,-0.32,0.62
CFGUSDT,0.1219,0.4752018591045114,47.52,0.12128571428571427,0.12312857142857143,0.2870845781413079,28.71,0.12311428571428572,0.11947142857142855,-0.57,0.34
COAIUSDT,0.304,0.1747928518186266,17.48,0.30225714285714284,0.3074857142857143,0.08426925956404903,8.43,0.3074428571428572,0.2971142857142856,0.07,0.19
CLOUSDT,0.09936,0.4456589812106665,44.57,0.09618714285714285,0.10570571428571432,0.28429257749813786,28.43,0.10007285714285716,0.0979342857142857,2.63,0.69
COMPUSDT,18.05,0.2870573347524223,28.71,17.95975,18.2305,0.5677398414079767,56.77,18.21857142857143,17.712857142857143,-0.17,0.58
COLLECTUSDT,0.0644,0.20763382332667316,20.76,0.06378714285714286,0.06562571428571427,0.2524529182547555,25.25,0.06481285714285714,0.06357428571428571,0.28,1.0
COTIUSDT,0.0123,0.36590006216862675,36.59,0.012108857142857143,0.012682285714285714,0.3552823814531667,35.53,0.012493142857142857,0.011913714285714286,0.99,0.53
COOKIEUSDT,0.011353,0.5602878071613152,56.03,0.011291142857142855,0.01147671428571429,0.5263903405196665,52.64,0.011471857142857143,0.011115285714285715,0.18,0.61
BLUAIUSDT,0.01286,0.3463576081544562,34.64,0.012635714285714285,0.01330857142857143,0.3251916786325084,32.52,0.013119285714285714,0.012341428571428573,0.79,0.49
CROSSUSDT,0.11498,0.15785505003547984,15.79,0.11383428571428571,0.11727142857142858,0.20750311665951712,20.75,0.1160057142857143,0.1129285714285714,0.56,0.27
CRVUSDT,0.3039,0.41027427093943075,41.03,0.3021285714285714,0.3074428571428572,0.6363214412058786,63.63,0.3058714285714286,0.29995714285714276,-0.3,0.93
COWUSDT,0.1205,0.21629544023994654,21.63,0.11878571428571429,0.12392857142857142,0.4004997520752691,40.05,0.1211025,0.119295,0.75,0.85
CTKUSDT,0.115,0.6818805385243153,68.19,0.114425,0.11615,0.3639732500706516,36.4,0.11614285714285714,0.11271428571428573,0.0,0.39
CTRUSDT,0.009406,0.30791690292156393,30.79,0.009310857142857143,0.009596285714285712,0.3082397267145344,30.82,0.009569142857142858,0.009079714285714283,0.72,0.52
CUSDT,0.06272,0.35767875981965824,35.77,0.06222142857142857,0.06371714285714285,0.3710381438445571,37.1,0.06341857142857144,0.06132285714285712,-0.25,0.7
CVXUSDT,2.27,0.3452846296440889,34.53,2.2542857142857144,2.301428571428571,0.34260134468398507,34.26,2.299714285714286,2.2105714285714284,-0.09,0.61
CYBERUSDT,0.3041,0.5904416169554236,59.04,0.3025795,0.307141,0.5167251622180693,51.67,0.30701428571428574,0.29827142857142847,-0.13,0.43
CTSIUSDT,0.02494,0.25323321040466484,25.32,0.024722857142857144,0.025374285714285714,0.22453134789568002,22.45,0.0250647,0.0246906,0.0,1.1
CVCUSDT,0.0199,0.2587604262763464,25.88,0.019800500000000002,0.020099000000000002,0.5218973237287119,52.19,0.020107142857142858,0.019485714285714287,-0.1,0.36
DASHUSDT,37.79,0.23885900721884415,23.89,37.50714285714286,38.35571428571428,0.18163571176108473,18.16,37.99285714285714,37.38428571428572,0.21,0.52
CYSUSDT,0.6303,0.23769051723693294,23.77,0.6195714285714286,0.6517571428571428,0.31232835972708933,31.23,0.6546285714285714,0.581642857142857,-2.23,1.13
DATAIPUSDT,0.1801,0.5826671627295422,58.27,0.1791995,0.181901,0.8506454895837293,85.06,0.18159999999999998,0.17710000000000006,-0.61,0.24
DEEPUSDT,0.01351,0.29180493854694795,29.18,0.013424285714285715,0.013681428571428568,0.4214516857189307,42.15,0.013805714285714286,0.012918571428571427,-1.6,2.31
DEXEUSDT,2.381,0.7211997622589158,72.12,2.156285714285714,2.830428571428571,0.5405949194050602,54.06,2.4217142857142857,2.299571428571428,3.66,0.87
DIAUSDT,0.1445,0.3045136471670939,30.45,0.14111428571428572,0.15127142857142853,0.290057127196642,29.01,0.14678571428571427,0.13992857142857143,1.83,1.44
DODOXUSDT,0.019869,0.24401513498514382,24.4,0.019688,0.020231000000000002,0.24401513498514382,24.4,0.020057,0.019493000000000007,-0.21,0.37
DOGEUSDT,0.08479,0.5657824349014262,56.58,0.08426285714285714,0.08584428571428573,0.27600183524587263,27.6,0.08521395000000001,0.0839421,0.26,0.97
DOGSUSDT,3.918e-05,0.6436584890941968,64.37,3.89841e-05,3.95718e-05,0.6691404097888893,66.91,3.9424285714285714e-05,3.8691428571428576e-05,0.13,1.75
DOLOUSDT,0.02512,0.21168153920179295,21.17,0.024951428571428572,0.025457142857142855,0.22361049557593077,22.36,0.02532857142857143,0.02470285714285714,-0.2,0.54
DOODUSDT,0.001332,0.3363318434804776,33.63,0.0013101428571428572,0.0013757142857142859,0.6293030063332682,62.93,0.0013418571428571427,0.0013122857142857148,1.06,1.21
DOSUSDT,0.2517,0.2188487940154875,21.88,0.24971428571428575,0.25567142857142844,0.16254028611679855,16.25,0.25518571428571424,0.24472857142857146,-0.32,1.14
DRIFTUSDT,0.012,0.26286233995901453,26.29,0.011891428571428572,0.012217142857142857,0.30299586074506885,30.3,0.01206,0.01188,0.25,0.42
DOTUSDT,0.8446,0.6385987109767333,63.86,0.8403571428571429,0.8530857142857142,0.4982451241066074,49.82,0.848823,0.8361540000000001,0.19,0.85
DUSKUSDT,0.06807,0.24309046815602914,24.31,0.06772965,0.06875070000000001,0.3091781891870946,30.92,0.06880285714285714,0.06660428571428574,-0.26,0.51
EDENUSDT,0.06877,0.3865732199591606,38.66,0.06724571428571428,0.07181857142857143,0.27308401683626854,27.31,0.07173428571428571,0.06284142857142858,-1.46,1.03
DYDXUSDT,0.1097,0.7394318830487738,73.94,0.10915150000000001,0.110797,0.7236686933138824,72.37,0.1102485,0.108603,0.18,0.45
DYMUSDT,0.01498,0.1924949911388762,19.25,0.01489,0.01516,0.1822023660080335,18.22,0.015079999999999998,0.014780000000000005,0.0,0.18
EGLDUSDT,3.465,0.3917551931221282,39.18,3.4285714285714284,3.537857142857143,0.3712257502186945,37.12,3.5104285714285712,3.374142857142857,0.38,0.42
EIGENUSDT,0.1927,0.42719274437447025,42.72,0.1917365,0.19462700000000002,0.26889382815991836,26.89,0.1959857142857143,0.18612857142857145,-0.62,0.58
EDGEUSDT,0.3888,0.33597444543081645,33.6,0.3865571428571429,0.3932857142857142,0.3328674307950751,33.29,0.39404285714285714,0.37831428571428566,-0.03,0.6
EDUUSDT,0.04785,0.28839822017158473,28.84,0.04668428571428571,0.050181428571428564,0.3119603061350966,31.2,0.04817571428571429,0.047198571428571416,-0.15,0.42
ENJUSDT,0.02543,0.4807128708078068,48.07,0.025021428571428573,0.026247142857142858,0.3879449400751218,38.79,0.025668571428571426,0.02495285714285715,1.11,1.39
ELSAUSDT,0.04474,0.3660707155884067,36.61,0.044437142857142856,0.045345714285714295,0.5434114690135257,54.34,0.045072857142857144,0.04407428571428572,0.54,0.2
ENAUSDT,0.1604,0.22895023681030185,22.9,0.1572242857142857,0.16675142857142855,0.22958016930763755,22.96,0.16396571428571427,0.15326857142857142,0.06,0.53
ENSUSDT,5.664,0.4379560881362834,43.8,5.601857142857143,5.788285714285713,0.6913679775082984,69.14,5.69232,5.60736,0.78,0.46
ENSOUSDT,0.8588,0.41499170888712644,41.5,0.8475285714285714,0.8813428571428572,0.4307225701275013,43.07,0.8703714285714286,0.8356571428571429,0.86,1.07
EPICUSDT,0.3464,0.2258683485499749,22.59,0.34217142857142857,0.3548571428571428,0.19027223754647135,19.03,0.35072857142857145,0.33774285714285707,-0.49,0.32
ERAUSDT,0.05566,0.6834794325821837,68.35,0.0553817,0.0562166,0.5416803485739498,54.17,0.05617285714285714,0.05463428571428572,0.14,0.69
ESPORTSUSDT,0.01446,0.19542232657723593,19.54,0.01436,0.014660000000000003,0.18632955570524215,18.63,0.01467,0.01404,-0.21,0.64
ESPUSDT,0.08301,0.24134078554505725,24.13,0.08192285714285714,0.08518428571428571,0.2435589807124125,24.36,0.08395714285714286,0.08111571428571429,0.83,0.48
ETCUSDT,7.496,0.8108073699402693,81.08,7.453428571428572,7.581142857142858,0.7868690795746832,78.69,7.533480000000001,7.4210400000000005,0.09,0.53
ETHFIUSDT,0.5327,0.2592778989487565,25.93,0.5257571428571428,0.5465857142857142,0.2602634791825186,26.03,0.5386428571428572,0.5208142857142855,-0.04,0.45
ETHUSDT,2425.53,0.3936665147044736,39.37,2413.4023500000003,2449.7853,0.913270461201282,91.33,2441.947142857143,2392.695714285715,-0.44,0.74
ETHWUSDT,0.2707,0.7828019060796977,78.28,0.2691857142857143,0.2737285714285714,0.7042177800234166,70.42,0.2720535,0.267993,0.0,0.44
EULUSDT,1.381,0.18408740196049106,18.41,1.3579571428571429,1.4270857142857143,0.2792446551573744,27.92,1.390742857142857,1.361514285714286,0.64,0.26
EVAAUSDT,0.7552,0.24325682945080485,24.33,0.7411428571428571,0.7833142857142857,0.23979820148388806,23.98,0.7649571428571429,0.7356857142857142,1.33,0.96
FETUSDT,0.1515,0.17489258815254208,17.49,0.1507425,0.15301499999999998,0.30849479490012705,30.85,0.15314285714285714,0.14821428571428572,-0.07,0.76
FARTCOINUSDT,0.1938,0.20353199166407976,20.35,0.1920714285714286,0.19725714285714283,0.20426756928284742,20.43,0.19572857142857142,0.18994285714285716,-0.1,0.66
FFUSDT,0.09301,0.4118021282368034,41.18,0.09202285714285714,0.0949842857142857,0.4391095214766155,43.91,0.09451714285714286,0.08999571428571428,-0.88,1.09
FHEUSDT,0.02204,0.12377727673590072,12.38,0.021654285714285713,0.022811428571428576,0.33380896676268146,33.38,0.022185714285714288,0.021748571428571426,1.52,0.25
FIDAUSDT,0.01899,0.22718465525059411,22.72,0.01882857142857143,0.01931285714285714,0.16346807820288792,16.35,0.01908495,0.0188001,0.21,0.5
FIGHTUSDT,0.003696,0.17420298285961436,17.42,0.0036608571428571428,0.0037662857142857146,0.17420298285961436,17.42,0.0037291428571428575,0.003629714285714285,-0.22,0.39
FOGOUSDT,0.007573,0.30294837869890634,30.29,0.007388571428571428,0.007941857142857143,0.32101047680409817,32.1,0.007969428571428572,0.006780142857142856,1.26,0.73
FLOWUSDT,0.02843,0.181676067879277,18.17,0.028142857142857143,0.029004285714285715,0.5452601196808201,54.53,0.028607142857142855,0.02807571428571429,0.53,0.77
FLOCKUSDT,0.03198,0.9232063609502472,92.32,0.03173285714285714,0.032474285714285726,0.6011591295715899,60.12,0.0321399,0.0316602,0.19,0.54
FOLKSUSDT,2.108,0.31601386287579336,31.6,2.087285714285714,2.149428571428572,0.19147760913114692,19.15,2.121714285714286,2.0805714285714285,0.67,0.25
FILUSDT,0.6798,0.895450286906321,89.55,0.6741,0.6911999999999998,0.4893989859193075,48.94,0.683199,0.673002,0.49,0.45
FLUIDUSDT,1.304,0.3753277226411908,37.53,1.2942857142857145,1.3234285714285712,0.29984284168921244,29.98,1.3127142857142855,1.2865714285714291,0.46,0.25
FLUXUSDT,0.04668,0.3780991201720683,37.81,0.04637714285714285,0.04728571428571429,0.2837853542655105,28.38,0.047232857142857146,0.045574285714285706,0.02,0.44
FORMUSDT,0.2358,0.31172970713362813,31.17,0.2334,0.24060000000000004,0.3196648369670745,31.97,0.23697900000000002,0.233442,0.81,0.32
FRAXUSDT,0.2989,0.3216178396880525,32.16,0.29397142857142855,0.3087571428571429,0.8965553712273918,89.66,0.3003945,0.295911,0.74,1.22
GASUSDT,1.28,0.2749226741569718,27.49,1.2736,1.2928,0.19250095987270027,19.25,1.2954285714285714,1.2491428571428573,-0.16,0.41
GALAUSDT,0.001746,0.2758927043083977,27.59,0.0017307142857142857,0.0017765714285714284,0.21405076278611393,21.41,0.0017562857142857144,0.0017254285714285711,0.06,0.65
FUSDT,0.003159,0.2575934974093989,25.76,0.0031424285714285716,0.0031921428571428565,0.3223397952998445,32.23,0.0031815714285714286,0.0031138571428571426,0.06,0.29
GENIUSUSDT,0.2804,0.4922336916131185,49.22,0.27884285714285717,0.2835142857142856,0.31495592952238166,31.5,0.28445714285714285,0.27228571428571424,-0.5,1.13
GLMUSDT,0.11443,0.22428890363336235,22.43,0.11262857142857144,0.11803285714285713,0.28124280221756,28.12,0.11602142857142857,0.11124714285714288,1.07,0.42
GMTUSDT,0.006922,0.5906131854364381,59.06,0.0068592857142857145,0.007047428571428572,0.34206132341762435,34.21,0.00695661,0.00685278,0.16,0.17
GOATUSDT,0.01506,0.4783134661982783,47.83,0.0149,0.015380000000000001,0.2234330851527324,22.34,0.01517,0.014840000000000002,0.74,0.08
GRASSUSDT,0.3534,0.12139012400725353,12.14,0.3469,0.3664,0.18889822035450982,18.89,0.35640000000000005,0.3473999999999999,1.06,0.22
GPSUSDT,0.00964,0.18370063833538763,18.37,0.009328571428571429,0.01026285714285714,0.21635319816801965,21.64,0.00971342857142857,0.009493142857142856,1.25,0.41
GRAMUSDT,1.363,0.1795369958635422,17.95,1.3537142857142859,1.3815714285714282,0.259456998806163,25.95,1.370285714285714,1.3484285714285718,-0.07,0.22
GRIFFAINUSDT,0.01147,0.2861777572054626,28.62,0.011324,0.011761999999999996,0.3961150069663666,39.61,0.011527349999999999,0.011355299999999999,0.76,0.51
GRTUSDT,0.01666,0.5274821413364291,52.75,0.0165,0.016980000000000002,0.43477476268365894,43.48,0.016743300000000003,0.016493400000000002,0.48,0.18
GRVTUSDT,0.1619,0.3335726147562414,33.36,0.1603857142857143,0.16492857142857137,0.41617780848438196,41.62,0.1642142857142857,0.15727142857142856,0.06,0.47
GTCUSDT,0.08315,0.37926870288145814,37.93,0.08245000000000001,0.08454999999999999,0.2897937570012527,28.98,0.08356999999999999,0.08231000000000002,0.19,0.38
GIGGLEUSDT,36.12,0.23670173432879493,23.67,35.76428571428572,36.83142857142855,0.29226851906647694,29.23,36.33571428571428,35.68857142857143,-0.17,0.83
GWEIUSDT,0.02456,0.264444575484292,26.44,0.02420142857142857,0.025277142857142852,0.2384871734129813,23.85,0.024888571428571427,0.023902857142857142,-0.81,0.52
HEIUSDT,0.14116,0.4169903084350371,41.7,0.14032999999999998,0.14282000000000006,0.31838944249191314,31.84,0.14503,0.13342000000000004,-0.89,0.61
GUAUSDT,0.04077,0.1356933842911398,13.57,0.04023285714285714,0.04184428571428572,0.3500234891424887,35.0,0.04097385,0.040362300000000004,0.87,0.3
HBARUSDT,0.07665,0.8242145589085662,82.42,0.07597999999999999,0.07799,0.7430859387407207,74.31,0.07703325,0.07588349999999999,0.72,0.57
GUNUSDT,0.002976,0.16857597488959514,16.86,0.00296112,0.00300576,0.25567336763779336,25.57,0.0030091428571428574,0.002909714285714285,-0.03,0.4
HIVEUSDT,0.04254,0.44718326314864787,44.72,0.04228142857142857,0.04305714285714287,0.31815614749559085,31.82,0.042752700000000005,0.0421146,0.26,0.91
HAEDALUSDT,0.0184,0.30084852545974955,30.08,0.018308,0.018584,0.7645282043000112,76.45,0.018558571428571424,0.01808285714285715,-0.16,0.62
HANAUSDT,0.01898,0.2984739325041071,29.85,0.018747142857142858,0.019445714285714285,0.3836617144422516,38.37,0.019132857142857142,0.018674285714285716,0.32,1.31
HOLOUSDT,0.06654,0.3549832697340528,35.5,0.06595714285714285,0.0677057142857143,0.3808755807837436,38.09,0.06757285714285714,0.06447428571428572,0.42,0.44
HOMEUSDT,0.005956,0.35370172039114095,35.37,0.0059208571428571435,0.006026285714285714,0.2670510754727871,26.71,0.006023142857142857,0.005821714285714287,-0.4,0.78
HMSTRUSDT,0.000182,0.3076307160584787,30.76,0.00017885714285714285,0.00018828571428571432,0.2730684679895535,27.31,0.00018494285714285716,0.0001761142857142857,1.28,0.34
HEMIUSDT,0.011605,0.48250284768758145,48.25,0.011207428571428573,0.012400142857142856,0.4989285679039377,49.89,0.012094571428571428,0.010625857142857145,-0.2,0.67
HOTUSDT,0.0003776,0.4593611664994097,45.94,0.0003742571428571429,0.00038428571428571423,0.43075029796115627,43.08,0.0003804428571428571,0.0003719142857142858,-0.26,0.53
HUMAUSDT,0.023847,0.16418914604441331,16.42,0.023453857142857144,0.02463328571428571,0.4330001096476192,43.3,0.025333142857142856,0.020874714285714288,-5.1,0.82
ICNTUSDT,0.1114,0.4492404564604688,44.92,0.11078571428571428,0.11262857142857144,0.2524558532552068,25.25,0.11401428571428572,0.10617142857142856,-1.15,1.14
ICPUSDT,2.357,0.7605099228669074,76.05,2.3415714285714286,2.3878571428571433,0.7010119603973869,70.1,2.3687850000000004,2.3334300000000003,0.08,0.32
HUSDT,0.0785,0.253271076291783,25.33,0.07737857142857144,0.08074285714285713,0.26341207557359314,26.34,0.07959142857142856,0.07631714285714288,0.44,0.7
IDOLUSDT,0.01511,0.5954333267708202,59.54,0.01503,0.01527,0.21667519129991472,21.67,0.01529,0.014750000000000001,0.27,0.42
HYPEUSDT,79.792,0.25769803531783864,25.77,79.16242857142856,81.05114285714288,0.2129418465831737,21.29,80.69757142857144,77.98085714285713,0.24,0.69
HYPERUSDT,0.06306,0.5543161140846297,55.43,0.0627447,0.0636906,0.6898705505463668,68.99,0.06337714285714287,0.06242571428571428,-0.08,0.69
IDUSDT,0.03095,0.7285301258165141,72.85,0.030727142857142856,0.031395714285714284,0.4760741263414384,47.61,0.031104749999999997,0.030640499999999998,0.16,0.55
ILVUSDT,2.982,0.2789808939732617,27.9,2.9604285714285714,3.025142857142858,0.2714736362334559,27.15,3.0025714285714287,2.9408571428571433,-0.23,0.4
GUSDT,0.003815,0.369847705219335,36.98,0.003791285714285714,0.0038624285714285713,0.3142952956247214,31.43,0.003853714285714286,0.0037375714285714278,-0.1,1.5
IMXUSDT,0.1262,0.23359076144608884,23.36,0.12527142857142856,0.1280571428571429,0.25709271317956195,25.71,0.12762857142857145,0.12334285714285712,0.4,0.34
INITUSDT,0.05294,0.3989395751794285,39.89,0.0526753,0.0534694,0.22467229352072235,22.47,0.053552857142857145,0.05171428571428571,-0.43,0.66
INUSDT,0.03186,0.1904255295473315,19.04,0.0316,0.03237999999999999,0.4586700604571183,45.87,0.03213,0.03132,0.38,2.19
INJUSDT,5.138,0.21657806344471767,21.66,5.093285714285714,5.227428571428572,0.3739996221732655,37.4,5.182714285714286,5.048571428571428,0.43,0.53
IOTXUSDT,0.002848,0.15990936716267384,15.99,0.002825857142857143,0.0028922857142857136,0.5411164489300717,54.11,0.002873142857142857,0.0027977142857142853,0.56,0.28
IOSTUSDT,0.000592,0.6213206249232361,62.13,0.00058904,0.0005979199999999999,0.21999297197036125,22.0,0.0005999857142857143,0.0005760285714285714,-0.92,0.64
INXUSDT,0.006882,0.3885509156421623,38.86,0.006834285714285715,0.006977428571428571,0.4087831927485067,40.88,0.0070137142857142854,0.006618571428571429,0.1,0.59
IOUSDT,0.1307,0.3045927766230009,30.46,0.12958571428571428,0.13292857142857148,0.3045927766230009,30.46,0.13181428571428572,0.1284714285714286,0.23,1.36
IOTAUSDT,0.03906,0.4042085059908213,40.42,0.038864699999999995,0.039450599999999995,0.39478385603745436,39.48,0.0395,0.03817999999999999,-0.41,1.72
JASMYUSDT,0.004527,0.5718039386618351,57.18,0.004504365,0.00457227,0.3558879464353767,35.59,0.004628428571428571,0.004324142857142858,-1.69,0.44
JELLYJELLYUSDT,0.05541,0.42836858934526534,42.84,0.05442285714285714,0.05738428571428572,0.38698803077603106,38.7,0.055907142857142864,0.054415714285714276,1.08,1.32
JCTUSDT,0.001809,0.3604022918565477,36.04,0.001799955,0.00182709,0.3429222405104108,34.29,0.0018438571428571427,0.0017392857142857147,-1.36,0.57
JSTUSDT,0.09754,0.8038130550467559,80.38,0.09705230000000001,0.0985154,0.5739721108483594,57.4,0.0980277,0.0965646,0.24,1.21
JOEUSDT,0.03017,0.3194829004255837,31.95,0.02992285714285714,0.030664285714285717,0.3965073005309904,39.65,0.03040714285714286,0.02969571428571428,0.3,0.62
IRYSUSDT,0.01322,0.22655033824696386,22.66,0.013153900000000001,0.013352200000000002,0.3725817945015733,37.26,0.01329,0.013080000000000003,0.3,0.07
GMXUSDT,7.583,0.23975145603470113,23.98,7.506857142857143,7.735285714285714,0.45255272578567257,45.26,7.622142857142856,7.504714285714288,0.37,0.64
KAITOUSDT,0.311,0.19208569781059043,19.21,0.3059714285714286,0.32105714285714276,0.49584912653014435,49.58,0.31255499999999997,0.30789,1.14,1.48
KASUSDT,0.02806,0.6880605461514246,68.81,0.027905714285714284,0.028368571428571437,0.7697181269897949,76.97,0.028214285714285716,0.027751428571428573,0.14,0.56
JUPUSDT,0.22,0.4212256926388331,42.12,0.2163,0.22740000000000002,0.4009458515228397,40.09,0.2223,0.2154,0.92,0.46
KATUSDT,0.004433,0.27357636255334805,27.36,0.004407142857142857,0.004484714285714287,0.23123564129269372,23.12,0.0044551650000000005,0.00438867,-0.11,0.68
KAIAUSDT,0.03012,0.3337388779218539,33.37,0.029837142857142857,0.03068571428571429,0.29957281242620293,29.96,0.0302706,0.0298188,0.13,1.0
JTOUSDT,0.4801,0.2547463635266304,25.47,0.4776995,0.484901,0.2407288614877465,24.07,0.4852857142857143,0.46972857142857144,-0.25,1.1
KAVAUSDT,0.04572,0.43820008832146734,43.82,0.045482857142857144,0.0461942857142857,0.3493405871977325,34.93,0.04642714285714286,0.04430571428571427,-0.91,0.67
KERNELUSDT,0.03749,0.23658037978662724,23.66,0.037302550000000004,0.0378649,0.1733937499453469,17.34,0.03827,0.03593000000000001,-0.16,0.41
KGENUSDT,0.1825,0.39071113583465755,39.07,0.17778571428571427,0.19192857142857145,0.3371194179304514,33.71,0.18351428571428574,0.1804714285714285,1.56,0.49
KITEUSDT,0.12675,0.21789178808681553,21.79,0.12582857142857143,0.12859285714285715,0.28189967947334127,28.19,0.12896142857142856,0.12232714285714288,0.38,0.3
KMNOUSDT,0.02585,0.22137592036462372,22.14,0.02568142857142857,0.026187142857142864,0.14144330513196485,14.14,0.02615857142857143,0.025232857142857144,-0.31,0.3
KNCUSDT,0.1143,0.8784084957825702,87.84,0.11342857142857143,0.11604285714285713,0.618840779636581,61.88,0.1148715,0.113157,0.53,0.33
KOMAUSDT,0.01299,0.47138271858269476,47.14,0.012865285714285715,0.01323942857142857,0.42587385461086685,42.59,0.01305495,0.0128601,0.64,1.46
KSMUSDT,3.474,0.10488219977563112,10.49,3.4362857142857144,3.549428571428572,0.14395824169717794,14.4,3.505714285714286,3.410571428571429,0.64,0.21
LAUSDT,0.05455,0.4033166502249741,40.33,0.05409714285714286,0.05545571428571429,0.3028254707933081,30.28,0.05482275,0.054004500000000004,0.04,1.29
LDOUSDT,0.358,0.24853051071546883,24.85,0.35468571428571427,0.3646285714285714,0.31332527277880234,31.33,0.3598142857142857,0.35437142857142856,0.36,0.37
LITUSDT,3.3981,0.45580361628256255,45.58,3.331314285714286,3.531671428571428,0.3716753810580198,37.17,3.428585714285714,3.3371285714285714,0.59,0.94
LQTYUSDT,0.2194,0.23404544086453394,23.4,0.21830300000000002,0.221594,0.18025194473775913,18.03,0.2221857142857143,0.21382857142857145,-0.09,0.38
LAYERUSDT,0.07062,0.31214813955070614,31.21,0.06923000000000001,0.07339999999999998,0.2859990468773433,28.6,0.07118,0.06950000000000002,0.58,0.79
LIGHTUSDT,0.2171,0.32647867198349834,32.65,0.21281428571428573,0.2256714285714285,0.28322348019919585,28.32,0.22768571428571427,0.19592857142857142,-1.45,1.31
LINKUSDT,11.345,0.6343245203929626,63.43,11.288275,11.458450000000001,0.9393864708979848,93.94,11.433,11.169000000000002,-0.45,0.54
LINEAUSDT,0.002431,0.4764601171480497,47.65,0.0024065714285714285,0.002479857142857143,0.6729621764174698,67.3,0.0024614285714285714,0.002370142857142857,0.7,0.6
LABUSDT,0.07814,0.39542299553093646,39.54,0.0768057142857143,0.08080857142857141,0.3458500158118526,34.59,0.0804142857142857,0.0735914285714286,0.01,1.43
LPTUSDT,1.353,0.2868187974984701,28.68,1.3431428571428572,1.3727142857142856,0.24700552787353877,24.7,1.359765,1.33947,0.59,0.18
LISTAUSDT,0.0662,0.756638745593102,75.66,0.06578142857142857,0.06703714285714284,0.7343905738065905,73.44,0.06653099999999999,0.065538,0.03,0.51
LUNA2USDT,0.04508,0.7800101041195059,78.0,0.04476142857142858,0.04571714285714285,0.24508441894959523,24.51,0.0453054,0.0446292,0.47,0.72
LSKUSDT,0.0973,0.22994851714066086,22.99,0.09666428571428572,0.09857142857142856,0.12908562351586353,12.91,0.10075571428571428,0.09038857142857143,-2.12,0.28
LUMIAUSDT,0.08329,0.20296272107764765,20.3,0.08214142857142857,0.08558714285714286,0.44253738182566965,44.25,0.08370645,0.0824571,0.71,1.93
LTCUSDT,49.44,0.35234073847818326,35.23,48.88285714285714,50.55428571428571,0.6512681006377274,65.13,49.6872,48.9456,0.92,1.22
MAGMAUSDT,0.49488,0.7970027516777078,79.7,0.4802557142857143,0.5241285714285714,0.47763539945043676,47.76,0.5380742857142856,0.4084914285714287,-0.8,1.18
LYNUSDT,0.03559,0.11055634879805626,11.06,0.034795714285714284,0.03717857142857142,0.3048468950001948,30.48,0.035854285714285714,0.03506142857142856,1.89,0.22
MAGICUSDT,0.04497,0.45476068189661595,45.48,0.04465142857142857,0.04560714285714287,0.17795977131779292,17.8,0.04524857142857142,0.044412857142857164,0.27,0.16
MANAUSDT,0.07379,0.3549326865570527,35.49,0.07322428571428571,0.07492142857142856,0.29086320950553646,29.09,0.07422571428571428,0.07291857142857142,0.23,0.51
MANTAUSDT,0.05795,0.23619288166935287,23.62,0.05755428571428571,0.05874142857142858,0.2960511575180012,29.61,0.05844571428571429,0.05695857142857143,0.43,1.25
MANTRAUSDT,0.004287,0.4006799399035367,40.07,0.004239,0.004383000000000001,0.42628858799269487,42.63,0.004358,0.004145,0.28,0.75
MASKUSDT,0.4387,0.15729454164896636,15.73,0.43164285714285716,0.4528142857142856,0.2341841154779398,23.42,0.44105714285714287,0.4339857142857142,0.5,1.28
MAVUSDT,0.010687,0.18044071187189517,18.04,0.010543571428571428,0.010973857142857145,0.2781362719869835,27.81,0.010817428571428572,0.010426142857142858,1.03,0.13
MAVIAUSDT,0.02843,0.11332169159347519,11.33,0.028242857142857142,0.028804285714285716,0.09634122652469244,9.63,0.028607142857142855,0.02807571428571429,0.21,0.82
MEGAUSDT,0.0372,0.4474611467325003,44.75,0.03688428571428572,0.03783142857142856,0.2052059173857952,20.52,0.037475714285714286,0.03664857142857142,-0.21,0.12
MELANIAUSDT,0.11112,0.5440975967346428,54.41,0.1105644,0.1122312,0.22990751354640815,22.99,0.1128742857142857,0.10761142857142858,-1.09,0.79
MEMEUSDT,0.0005304,0.6859319759915801,68.59,0.0005275285714285714,0.0005361428571428571,0.33700320019524205,33.7,0.0005345714285714285,0.0005220571428571429,0.11,0.39
MEUSDT,0.05987,0.29538800010796373,29.54,0.05957065,0.0604687,0.4084849702085865,40.85,0.060462857142857145,0.05868428571428571,-0.3,1.1
MERLUSDT,0.02111,0.34067675715546303,34.07,0.020837142857142856,0.02165571428571429,0.31004070259730315,31.0,0.021442857142857142,0.020444285714285717,-0.66,1.08
MITOUSDT,0.02473,0.3296156715902981,32.96,0.024445714285714286,0.025298571428571424,0.22407293422949312,22.41,0.025144285714285713,0.02390142857142857,-0.4,0.61
MMTUSDT,0.1622,0.19605882926531068,19.61,0.1606285714285714,0.16534285714285724,0.28369468675879217,28.37,0.1637714285714286,0.15905714285714284,0.5,0.47
METISUSDT,2.668,0.3156239861656933,31.56,2.645142857142857,2.7137142857142864,0.33402995175556566,33.4,2.68134,2.6413200000000003,0.41,0.42
MINAUSDT,0.05977,0.3868706946537448,38.69,0.059070000000000004,0.06116999999999998,0.3902743119688155,39.03,0.06063999999999999,0.058030000000000005,0.32,0.66
MEWUSDT,0.0004093,0.1346260462592281,13.46,0.0004050857142857143,0.0004177285714285713,0.29532398499997453,29.53,0.0004114142857142857,0.0004050714285714285,0.42,0.29
MIRAUSDT,0.04098,0.26176105260081795,26.18,0.040737142857142854,0.0414657142857143,0.1467138473012557,14.67,0.04139285714285715,0.04015428571428571,-0.49,0.29
MOVRUSDT,0.7816,0.11514312992412754,11.51,0.7187857142857143,0.9072285714285714,0.1315882904899545,13.16,0.9685142857142858,0.40777142857142834,-12.08,0.64
MTLUSDT,0.2295,0.7860939471359152,78.61,0.2283525,0.231795,0.49755594957551,49.76,0.23224285714285714,0.22401428571428575,-0.13,0.43
MUBARAKUSDT,0.02148,0.27749508826824126,27.75,0.02069714285714286,0.02304571428571428,0.16287080769489884,16.29,0.02180285714285714,0.020834285714285715,2.73,0.64
MONUSDT,0.02667,0.21789506215977664,21.79,0.026174285714285712,0.027661428571428573,0.44227477662782577,44.23,0.027055714285714287,0.025898571428571424,1.1,0.27
MOVEUSDT,0.009055,0.4918623720470687,49.19,0.009009725,0.00914555,0.3006000190605966,30.06,0.009222571428571429,0.008719857142857144,-1.05,0.77
MOODENGUSDT,0.04179,0.15499309601123346,15.5,0.04131571428571428,0.04273857142857144,0.489562119742176,48.96,0.04205428571428572,0.04126142857142857,0.67,0.21
MORPHOUSDT,2.4049,0.3988569350747952,39.89,2.386742857142857,2.441214285714286,0.260821964427433,26.08,2.425357142857143,2.363985714285714,-0.37,0.33
MYXUSDT,0.07008,0.3174306971700132,31.74,0.06945714285714286,0.0713257142857143,0.4324436273521016,43.24,0.07059285714285714,0.06905428571428573,0.57,0.82
MOCAUSDT,0.008451,0.7223098348977296,72.23,0.008408745,0.00853551,0.9230874283372874,92.31,0.008523571428571427,0.008305857142857146,-0.11,0.32
MUSDT,1.0399,0.2607099172055049,26.07,1.029842857142857,1.060014285714286,0.2625774603299226,26.26,1.0504571428571428,1.0187857142857146,0.31,0.99
NAORISUSDT,0.02854,0.20195415632333208,20.2,0.0283973,0.0288254,0.2631883147173175,26.32,0.02879,0.02804,-0.17,0.33
NEARUSDT,1.814,0.22094614475262292,22.09,1.8049300000000001,1.83214,0.2601718678559779,26.02,1.8307142857142857,1.7805714285714287,-0.11,0.64
NEIROUSDT,8.797e-05,0.33513692518004146,33.51,8.661142857142856e-05,9.068714285714287e-05,0.3865306067552383,38.65,8.851857142857143e-05,8.687285714285713e-05,0.53,0.64
NEOUSDT,2.096,0.7713155358374498,77.13,2.0855200000000003,2.11696,0.5112627383165232,51.13,2.108285714285714,2.071428571428572,0.0,0.36
NEWTUSDT,0.04037,0.2621676690346723,26.22,0.04009,0.04093000000000001,0.2418168598655706,24.18,0.04065,0.03981000000000001,0.15,0.79
METUSDT,0.2098,0.3165942195111154,31.66,0.20857142857142857,0.2122571428571428,0.2488232849915745,24.88,0.21222857142857143,0.2049428571428571,-0.62,1.0
NIGHTUSDT,0.01932,0.46192169410224027,46.19,0.019141428571428573,0.019677142857142855,0.7089978179778705,70.9,0.0194166,0.0191268,0.57,1.6
NILUSDT,0.04607,0.22777146445031604,22.78,0.04494857142857143,0.048312857142857143,0.24034652252530495,24.03,0.047151428571428566,0.04390714285714287,1.12,1.07
NXPCUSDT,0.2108,0.4751848954197826,47.52,0.20902857142857142,0.2143428571428571,0.32775087650681844,32.78,0.21427142857142858,0.2038571428571428,0.67,0.35
NMRUSDT,8.871,0.27722705157691685,27.72,8.761,9.091000000000003,0.25199594722077123,25.2,8.978,8.657000000000002,0.92,1.94
NOMUSDT,0.001565,0.11444870755982475,11.44,0.0015470000000000002,0.0016009999999999996,0.34423232758220307,34.42,0.0015749999999999998,0.0015450000000000004,0.58,0.23
OGNUSDT,0.01798,0.2174049768388769,21.74,0.017887142857142855,0.01816571428571429,0.28817655680817816,28.82,0.018082857142857144,0.01777428571428571,0.11,0.46
NOTUSDT,0.0004079,0.4012449825710587,40.12,0.0004049,0.00041390000000000003,0.17519338989068328,17.52,0.0004099395,0.000403821,0.27,0.35
ONDOUSDT,0.3527,0.5111701824622242,51.12,0.35093650000000004,0.356227,0.8479408634263438,84.79,0.3550428571428571,0.34801428571428583,-0.17,0.71
OGUSDT,2.892,0.21281236655664923,21.28,2.853428571428571,2.9691428571428573,0.21281236655664923,21.28,2.9345714285714286,2.8068571428571425,-0.07,0.39
ONEUSDT,0.0007458,0.3521548247220148,35.22,0.0007388,0.0007598000000000001,0.34139014237172177,34.14,0.0007533,0.0007308,-0.08,0.76
OPNUSDT,0.05269,0.4242037224879515,42.42,0.05206857142857143,0.053932857142857143,0.44301089404970007,44.3,0.05328142857142857,0.05150714285714286,0.4,0.69
OPGUSDT,0.0855,0.24575656382524552,24.58,0.08438571428571429,0.08772857142857145,0.27856431473992577,27.86,0.08661428571428571,0.0832714285714286,0.12,2.65
ORCAUSDT,1.258,0.19832388782773747,19.83,1.2474285714285713,1.2791428571428574,0.19543449892885142,19.54,1.2685714285714287,1.2368571428571427,-0.08,0.67
ORDERUSDT,0.03282,0.38214120994567075,38.21,0.03247428571428571,0.03351142857142858,0.4249713946801382,42.5,0.033055714285714285,0.032348571428571435,0.18,0.62
ONGUSDT,0.111,0.4391695448236782,43.92,0.10916428571428571,0.11467142857142858,0.3987453512737262,39.87,0.11225571428571429,0.10848857142857142,0.26,0.74
OPENUSDT,0.1516,0.5242393649486197,52.42,0.150842,0.153116,0.20174074841443881,20.17,0.15378571428571428,0.1472285714285715,-0.46,0.99
OPUSDT,0.08972,0.7307770386773602,73.08,0.0892714,0.0906172,0.8604985457765227,86.05,0.09021714285714284,0.0887257142857143,-0.08,0.33
ONTUSDT,0.05553,0.24215457606876142,24.22,0.05505,0.056490000000000005,0.3449498577375805,34.49,0.056119999999999996,0.054350000000000016,0.54,0.39
ONUSDT,0.2529,0.2885543911618414,28.86,0.24964285714285714,0.25941428571428576,0.4201747489949655,42.02,0.25475714285714285,0.24918571428571434,0.36,0.56
ORDIUSDT,4.001,0.586178776550362,58.62,3.973857142857143,4.055285714285715,0.27906473475962085,27.91,4.021005000000001,3.9609900000000002,0.43,0.8
PARTIUSDT,0.02433,0.3819494136034687,38.19,0.024084285714285714,0.024821428571428574,0.37586203351860326,37.59,0.024705714285714286,0.02357857142857143,0.41,0.6
OUSDT,0.4482,0.4970786859430295,49.71,0.4457714285714286,0.45305714285714277,0.21514576179641742,21.51,0.4538285714285714,0.43694285714285713,-0.62,0.77
PAXGUSDT,4457.29,0.6362625323407817,63.63,4435.00355,4501.8629,0.5997247139752043,59.97,4479.57645,4412.7171,0.02,1.45
PENDLEUSDT,1.6929,0.5311775435835272,53.12,1.677085714285714,1.724528571428572,0.3444877583740549,34.45,1.7013645000000002,1.675971,0.43,0.4
PENGUUSDT,0.009135,0.3055750047004826,30.56,0.009089325,0.009226350000000001,0.2784324015131239,27.84,0.009213571428571429,0.008977857142857145,-0.11,0.66
PEOPLEUSDT,0.008215,0.2276832935934658,22.77,0.008147999999999999,0.008349000000000002,0.10573339204326049,10.57,0.008378,0.007889,-1.07,0.27
PHAROSUSDT,0.4148,0.3962462327356675,39.62,0.41102857142857147,0.4223428571428571,0.33498156830764303,33.5,0.41757142857142854,0.40925714285714293,0.61,0.2
PHAUSDT,0.02458,0.20113251220338457,20.11,0.024457100000000002,0.024825800000000002,0.24058142794335852,24.06,0.024768571428571428,0.024202857142857147,-0.2,0.33
PIXELUSDT,0.004884,0.1353230715018039,13.53,0.0048595800000000005,0.00493284,0.22607185485333758,22.61,0.004919142857142857,0.004813714285714287,0.1,0.8
PIPPINUSDT,0.01858,0.22977321978164925,22.98,0.01841571428571429,0.01890857142857142,0.12142557389540147,12.14,0.018764285714285713,0.018211428571428573,-0.48,0.32
PIEVERSEUSDT,1.0099,0.5888247337785152,58.88,1.0048505,1.019999,0.277472656994436,27.75,1.0310857142857142,0.9675285714285717,-0.76,0.46
PLAYUSDT,0.03603,0.21498000421896377,21.5,0.035725714285714284,0.03663857142857143,0.13291365713262893,13.29,0.036224285714285716,0.03564142857142857,0.14,1.0
PNUTUSDT,0.05021,0.19382588914834048,19.38,0.04956857142857143,0.05149285714285714,0.3563411890203765,35.63,0.05046105,0.0497079,0.64,0.46
PLUMEUSDT,0.01372,0.4408779468827145,44.09,0.013491428571428573,0.014177142857142853,0.39732946927628604,39.73,0.013858571428571427,0.013442857142857145,1.18,1.38
POLUSDT,0.10746,0.34871421869620944,34.87,0.10649,0.1094,0.27111731519928267,27.11,0.1079973,0.1063854,0.07,0.95
POPCATUSDT,0.05416,0.1150901169724993,11.51,0.053227142857142855,0.05602571428571429,0.30758192898383435,30.76,0.054482857142857145,0.05351428571428571,1.25,0.1
POLYXUSDT,0.03447,0.48486437075137595,48.49,0.034145714285714286,0.03511857142857143,0.7713094752855016,77.13,0.03464235,0.0341253,0.73,0.67
PORTALUSDT,0.01542,0.2601206274666928,26.01,0.015168571428571429,0.01592285714285714,0.36206998349929553,36.21,0.01560142857142857,0.01505714285714286,0.46,0.56
PRLUSDT,0.1831,0.43640284796729983,43.64,0.1821845,0.184931,0.14739994104937804,14.74,0.18637142857142858,0.17655714285714288,-1.19,1.05
PROMUSDT,5.075,0.4806097313584504,48.06,4.977142857142857,5.270714285714287,0.17367984128238556,17.37,5.285857142857143,4.6532857142857145,0.08,0.52
PROMPTUSDT,0.02316,0.2656498699142531,26.56,0.0230442,0.0233916,0.21949435086523897,21.95,0.02350142857142857,0.022477142857142862,-0.13,0.2
PROVEUSDT,0.1663,0.43720910149302505,43.72,0.16532857142857144,0.16824285714285714,0.38717901051917897,38.72,0.16727142857142857,0.16435714285714287,0.42,0.28
POWRUSDT,0.04485,0.5657022635988689,56.57,0.04462575,0.0452985,0.47592264926842104,47.59,0.04523,0.044090000000000004,0.31,0.3
POWERUSDT,0.0774,0.6397896359249041,63.98,0.07675571428571429,0.07868857142857141,0.2601869272426784,26.02,0.077787,0.076626,0.3,2.99
PUMPBTCUSDT,0.01153,0.3459323054225914,34.59,0.011472350000000001,0.0116453,0.2278041442439335,22.78,0.011652857142857142,0.011284285714285717,-0.35,0.46
PTBUSDT,0.0007534,0.30870605270785617,30.87,0.0007447285714285715,0.000770742857142857,0.288427085194515,28.84,0.0007682714285714285,0.0007236571428571429,-0.32,2.74
PUNDIXUSDT,0.08953,0.21593795793816806,21.59,0.08879142857142856,0.09100714285714287,0.189173011178245,18.92,0.08997764999999999,0.0886347,0.27,0.21
QNTUSDT,60.91,0.7091900635825964,70.92,60.40142857142857,61.927142857142854,0.4393411710979646,43.93,61.214549999999996,60.3009,0.41,0.48
QTUMUSDT,0.8131,0.3136499295757233,31.36,0.8090345,0.821231,0.6713133769124426,67.13,0.8207000000000001,0.7978999999999999,-0.57,0.55
PYTHUSDT,0.04691,0.17677034048680876,17.68,0.04627428571428571,0.048181428571428576,0.23749570040278242,23.75,0.047305714285714284,0.04611857142857143,0.54,0.67
QUSDT,0.024194,0.24793325317937578,24.79,0.023991571428571428,0.024598857142857145,0.33840542394828044,33.84,0.024801428571428575,0.02297914285714285,-0.95,0.52
RAREUSDT,0.01273,0.2923287232522459,29.23,0.012647142857142859,0.012895714285714283,0.33492667558826045,33.49,0.012802857142857142,0.012584285714285716,-0.24,0.31
RAVEUSDT,0.2632,0.18788754939149843,18.79,0.26107142857142857,0.26745714285714284,0.3395642941559295,33.96,0.26552857142857145,0.2585428571428571,0.65,0.56
REUSDT,0.5124,0.6778393071681007,67.78,0.509838,0.517524,0.2905311058527422,29.05,0.5251,0.4869999999999999,-1.97,0.53
REDUSDT,0.1074,0.24724681237227533,24.72,0.10484285714285715,0.11251428571428568,0.5494780783473452,54.95,0.10793699999999999,0.10632599999999999,1.7,0.47
RENDERUSDT,1.445,0.6224467198117994,62.24,1.4374285714285713,1.4601428571428576,0.8260917292572711,82.61,1.4535714285714287,1.4278571428571427,-0.07,0.67
PUMPUSDT,0.004593,0.3251766717987206,32.52,0.004531857142857143,0.0047152857142857135,0.32774683895928003,32.77,0.004695142857142857,0.004388714285714286,-0.78,0.61
RESOLVUSDT,0.01762,0.24167229595501888,24.17,0.017481428571428575,0.01789714285714285,0.361310496342112,36.13,0.017758571428571426,0.01734285714285715,0.4,1.05
REZUSDT,0.002942,0.2556602468015597,25.57,0.0029241428571428574,0.002977714285714286,0.17016551446140749,17.02,0.0029788571428571425,0.0028682857142857156,0.17,0.34
RIFUSDT,0.07668,0.35711661830744984,35.71,0.07563142857142857,0.07877714285714285,0.37882857536613396,37.88,0.07744857142857142,0.07514285714285715,0.47,0.48
RONINUSDT,0.05406,0.7259556078845198,72.6,0.053789699999999996,0.0546006,0.7320225162290518,73.2,0.05438285714285714,0.053414285714285706,-0.04,0.27
RLCUSDT,0.3087,0.5804686485101718,58.05,0.3071565,0.311787,0.9092958428413638,90.93,0.3113142857142857,0.3034714285714285,-0.55,0.3
RIVERUSDT,1.59,0.33157052756388417,33.16,1.5732857142857142,1.6234285714285719,0.30386453363854893,30.39,1.6137142857142859,1.5425714285714285,-0.13,0.46
ROBOUSDT,0.01431,0.31864486058048086,31.86,0.013987142857142858,0.014955714285714284,0.35807236243041723,35.81,0.014652857142857143,0.013624285714285714,0.0,0.44
RVNUSDT,0.003042,0.549360085160341,54.94,0.003017142857142857,0.0030917142857142857,0.7203969695707598,72.04,0.00305721,0.00301158,-0.1,0.39
RSRUSDT,0.00143,0.7675219618933349,76.75,0.00142285,0.0014443000000000001,0.8697681493004078,86.98,0.001438,0.0014140000000000001,0.14,0.33
ROSEUSDT,0.005921,0.1618410394945763,16.18,0.005872857142857143,0.006017285714285714,0.2812554554287128,28.13,0.005956142857142857,0.005850714285714286,0.32,0.14
RUNEUSDT,0.4758,0.16363404356934103,16.36,0.4683285714285715,0.49074285714285704,0.2429607097752086,24.3,0.4786714285714285,0.47005714285714295,1.02,0.51
SAFEUSDT,0.08819,0.24275257458026944,24.28,0.08757285714285715,0.08942428571428572,0.180647781767973,18.06,0.08908714285714286,0.08639571428571428,0.17,0.59
SAGAUSDT,0.0148,0.3653620927972301,36.54,0.014534285714285713,0.015331428571428576,0.44136750238339606,44.14,0.014895714285714286,0.014608571428571429,1.37,0.65
SAHARAUSDT,0.008263,0.6815935478760677,68.16,0.008204999999999999,0.008379000000000001,0.48569873079392817,48.57,0.008304315,0.00818037,0.21,0.68
SANDUSDT,0.03839,0.41335108305614804,41.34,0.03819805,0.0387739,0.30860647011954545,30.86,0.0388,0.03757,-0.57,1.13
SANTOSUSDT,0.5208,0.2622352347076379,26.22,0.5157142857142858,0.5309714285714285,0.19916435543809244,19.92,0.5277857142857142,0.5068285714285717,-0.86,0.47
RAYSOLUSDT,0.8001,0.2831434982702607,28.31,0.7918571428571428,0.8165857142857145,0.4385627016084091,43.86,0.8061428571428573,0.7880142857142856,0.31,0.32
SAPIENUSDT,0.07868,0.26289186394837316,26.29,0.07810428571428572,0.07983142857142855,0.5803028367173758,58.03,0.07931571428571428,0.07740857142857144,0.32,0.26
SCRUSDT,0.02267,0.1281188422773686,12.81,0.022469999999999997,0.023070000000000004,0.21254454988098076,21.25,0.0229,0.022209999999999997,0.27,0.25
SENTUSDT,0.01267,0.28890459805466767,28.89,0.012431428571428572,0.013147142857142857,0.30259266826604925,30.26,0.012768571428571428,0.012472857142857147,1.44,1.04
SEIUSDT,0.04598,0.6320063711963657,63.2,0.0457501,0.0464398,0.7327548828407908,73.28,0.0462099,0.0455202,0.02,0.31
SIGNUSDT,0.008024,0.24696967480495555,24.7,0.007914285714285714,0.008243428571428572,0.4180682443260166,41.81,0.008077714285714285,0.007916571428571429,0.54,0.53
SFPUSDT,0.2568,0.6051802314151762,60.52,0.25551599999999997,0.259368,0.871546521564416,87.15,0.2586857142857143,0.2530285714285713,-0.47,0.3
SHELLUSDT,0.02166,0.1955851332670116,19.56,0.021437142857142856,0.022105714285714284,0.3444041080737376,34.44,0.021812857142857144,0.021354285714285708,0.51,0.5
SKLUSDT,0.003683,0.6884827431424252,68.85,0.003661428571428571,0.003726142857142858,0.38680414302543603,38.68,0.0037025714285714288,0.0036438571428571427,0.19,3.36
SIRENUSDT,0.02824,0.4989714736148443,49.9,0.0280988,0.0285224,0.5224644559532866,52.25,0.02841857142857143,0.027882857142857147,0.14,0.85
RPLUSDT,1.615,0.17287635548001126,17.29,1.606925,1.63115,0.2917402852982744,29.17,1.6247142857142858,1.5955714285714284,-0.19,0.31
SKRUSDT,0.009066,0.32678860405692467,32.68,0.008989142857142857,0.009219714285714284,0.32678860405692467,32.68,0.009144857142857142,0.008908285714285714,0.01,0.44
SLPUSDT,0.0006131,0.21148761915995087,21.15,0.0006089571428571428,0.0006213857142857144,0.24655161067196207,24.66,0.0006166428571428572,0.0006060142857142857,0.03,0.19
SKYUSDT,0.06669,0.6255191571810546,62.55,0.06635655,0.0673569,0.8749403952720314,87.49,0.06718142857142859,0.06570714285714283,0.06,0.28
SOLUSDT,103.74,0.2908985046482615,29.09,102.52857142857144,106.1628571428571,0.4588122119398908,45.88,104.52142857142857,102.17714285714284,0.57,0.48
SKYAIUSDT,0.05289,0.30042963657721644,30.04,0.05230285714285714,0.054064285714285724,0.29093435995141653,29.09,0.05364714285714286,0.05137571428571428,0.28,0.59
SOLVUSDT,0.002793,0.3914898103365734,39.15,0.0027742857142857144,0.002830428571428571,0.15588176409315133,15.59,0.0028227142857142856,0.0027335714285714285,-0.64,0.49
SOMIUSDT,0.1169,0.3528004773619917,35.28,0.11457142857142857,0.12155714285714286,0.24169295805853874,24.17,0.11942857142857143,0.11184285714285716,1.12,0.93
SNXUSDT,0.2118,0.3237623923208005,32.38,0.21024285714285715,0.21491428571428567,0.2533833925205629,25.34,0.21405714285714286,0.20728571428571424,-0.52,0.59
SLXUSDT,0.0694,0.3144237059413642,31.44,0.069053,0.070094,0.6487773333334999,64.88,0.07003714285714285,0.0681257142857143,-0.49,0.47
SONICUSDT,0.02,0.09422699022288507,9.42,0.0199,0.0202,0.18865496075275226,18.87,0.02015142857142857,0.01969714285714286,-0.05,0.56
SOONUSDT,0.2065,0.11807956357872518,11.81,0.20404285714285714,0.2114142857142857,0.19083200658172444,19.08,0.20785714285714285,0.20378571428571426,0.68,0.24
SOPHUSDT,0.003764,0.19202994143901403,19.2,0.0037395714285714285,0.003812857142857143,0.23862464714128037,23.86,0.0037924285714285716,0.0037071428571428568,0.16,0.34
SPELLUSDT,8.16e-05,0.17845378132548623,17.85,8.118571428571429e-05,8.242857142857143e-05,0.346622628626214,34.66,8.241428571428571e-05,7.997142857142859e-05,-0.37,0.64
SPACEUSDT,0.004853,0.8376534561754267,83.77,0.0047898571428571434,0.004979285714285712,0.8275535125499496,82.76,0.0048941428571428565,0.004770714285714286,1.15,1.82
STABLEUSDT,0.0264,0.42603665697578735,42.6,0.025554285714285717,0.028091428571428566,0.2653167053255095,26.53,0.026645714285714283,0.025908571428571434,1.58,0.89
SPKUSDT,0.01828,0.8021660074549852,80.22,0.018188600000000003,0.0184628,0.4079589751711753,40.8,0.018522857142857143,0.017794285714285717,-0.81,1.3
STBLUSDT,0.02742,0.6632528433054347,66.33,0.027270000000000003,0.027719999999999995,0.6840598666015439,68.41,0.02758,0.0271,-0.15,0.61
SPXUSDT,0.5301,0.37407957715297635,37.41,0.5256142857142857,0.5390714285714286,0.33627310197146715,33.63,0.5438857142857143,0.5025285714285714,-1.32,0.46
STGUSDT,0.1684,0.3045182638841916,30.45,0.1663,0.17259999999999998,0.4285647737760455,42.86,0.1706,0.16399999999999998,0.84,0.36
SPORTFUNUSDT,0.02408,0.2145897864226777,21.46,0.02369285714285714,0.02485428571428572,0.22693432632538277,22.69,0.024307142857142857,0.023625714285714288,0.75,2.46
STEEMUSDT,0.04505,0.7424487337746092,74.24,0.04482475,0.0455005,0.6599443648253026,65.99,0.04552,0.04411,-0.31,1.6
RECALLUSDT,0.04523,0.4175557351404113,41.76,0.04484571428571428,0.04599857142857144,0.4229006683974939,42.29,0.04599428571428572,0.043701428571428565,0.44,0.48
SSVUSDT,2.673,0.20186873693213409,20.19,2.6405714285714286,2.737857142857143,0.22247776267292338,22.25,2.6974285714285715,2.624142857142857,-0.19,0.66
STOUSDT,0.04236,0.2006148592510105,20.06,0.04205857142857143,0.04296285714285714,0.24956850271942999,24.96,0.042871428571428574,0.04133714285714286,0.26,0.24
SQDUSDT,0.03359,0.3850525470440533,38.51,0.03321142857142857,0.03434714285714286,0.12531616948686755,12.53,0.03418857142857143,0.03239285714285715,-0.62,0.28
STRKUSDT,0.02455,0.21043949724693373,21.04,0.024395714285714284,0.024858571428571428,0.24527543565385432,24.53,0.024744285714285715,0.024161428571428566,-0.04,1.33
STARUSDT,0.12338,0.3630542354183144,36.31,0.12175142857142857,0.1266371428571429,0.3931094619078363,39.31,0.12460857142857143,0.12092285714285715,0.23,0.49
SUIUSDT,0.7373,0.13177171586292247,13.18,0.7327142857142857,0.7464714285714286,0.17922456953691435,17.92,0.7415857142857143,0.7287285714285713,0.11,0.77
SUNUSDT,0.016863,0.5450874475236813,54.51,0.016778684999999998,0.01703163,0.355121583439171,35.51,0.016947315,0.01669437,0.26,1.0
STXUSDT,0.2588,0.2891792408105748,28.92,0.2550142857142857,0.26637142857142854,0.2978340309405864,29.78,0.2620857142857143,0.2522285714285713,0.12,0.82
SUSHIUSDT,0.1872,0.7492617920249305,74.93,0.18595714285714288,0.18968571428571426,0.3040761745333741,30.41,0.18824285714285713,0.18511428571428576,0.05,0.33
SUSDT,0.02945,0.27856079248072946,27.86,0.029205714285714286,0.02993857142857143,0.3915606079195766,39.16,0.030504285714285713,0.027341428571428576,-2.87,1.47
SUPERUSDT,0.11108,0.7648393672623988,76.48,0.11048428571428572,0.11227142857142856,0.34850036792049766,34.85,0.11213571428571428,0.10896857142857143,0.08,0.33
SWARMSUSDT,0.00805,0.3506470606373929,35.06,0.007969857142857143,0.008210285714285713,0.2959952399548999,29.6,0.00809025,0.0079695,0.64,0.27
SYNUSDT,0.1031,0.20098927347635237,20.1,0.10221428571428572,0.10487142857142856,0.33337144919382766,33.34,0.10418571428571428,0.10092857142857142,0.39,0.54
TACUSDT,0.002335,0.24433876207697222,24.43,0.002230285714285714,0.002544428571428571,0.22832446847474405,22.83,0.002367714285714286,0.0022695714285714277,1.79,1.08
SYRUPUSDT,0.17641,0.5307653969812554,53.08,0.1754814285714286,0.17826714285714285,0.23368073627154554,23.37,0.1778085714285714,0.17361285714285724,-0.1,0.26
SXTUSDT,0.008174,0.35176392141528096,35.18,0.008079142857142858,0.008363714285714287,0.3121761262063124,31.22,0.008322857142857142,0.007876285714285718,-1.26,0.49
TAGUSDT,0.00083,0.3129783290312083,31.3,0.000825,0.00084,0.23183384222848225,23.18,0.0008380000000000001,0.0008139999999999998,-0.36,1.29
TIAUSDT,0.3397,0.6512982252826527,65.13,0.3380015,0.343097,0.8368670091851894,83.69,0.34271428571428575,0.3336714285714285,-0.06,0.38
TAUSDT,0.0638,0.47822259413854074,47.82,0.062139999999999994,0.06712,0.30590651044766826,30.59,0.06609999999999999,0.0592,-0.64,0.71
TAKEUSDT,0.0574,0.18434804935873175,18.43,0.05690714285714286,0.058385714285714284,0.11644241766074839,11.64,0.05825285714285715,0.0556942857142857,-0.28,0.2
THEUSDT,0.06856,0.1950809387807341,19.51,0.06816142857142857,0.06935714285714285,0.284174715596187,28.42,0.06897857142857143,0.06772285714285713,0.0,0.25
TNSRUSDT,0.03345,0.7009130165677814,70.09,0.03328275,0.0337845,0.5623090742182832,56.23,0.03376714285714286,0.03281571428571429,0.21,0.65
TAIKOUSDT,0.07177,0.2955218294675789,29.55,0.07141115,0.0724877,0.17635475026086558,17.64,0.07307285714285715,0.0691642857142857,-0.57,0.72
TLMUSDT,0.001417,0.6080773675576183,60.81,0.001409915,0.00143117,0.1891017045300918,18.91,0.0014391428571428572,0.001372714285714286,-1.05,0.91
THETAUSDT,0.1729,0.2745421263209803,27.45,0.17157142857142857,0.17555714285714286,0.27133704390950686,27.13,0.17452857142857142,0.16964285714285715,-0.06,1.49
TAOUSDT,234.32,0.356281314779809,35.63,232.34285714285713,238.27428571428572,0.336556243615652,33.66,236.47714285714287,230.00571428571425,-0.04,0.93
TOWNSUSDT,0.002496,0.7465937720421487,74.66,0.00248352,0.00252096,0.20285211344040227,20.29,0.002554,0.00238,-0.95,0.3
TOSHIUSDT,0.0001231,0.4797666799350806,47.98,0.00012218571428571429,0.00012492857142857146,0.2783185587525669,27.83,0.00012441428571428572,0.0001204714285714286,0.16,0.11
TRADOORUSDT,0.5999,0.25724248470195127,25.72,0.5969005,0.605899,0.3400539894186503,34.01,0.6068285714285714,0.5860428571428572,-0.65,0.95
TRIAUSDT,0.005349,0.26528526459612123,26.53,0.005066857142857143,0.005913285714285713,0.24654429379793572,24.65,0.005435142857142857,0.0051767142857142845,-0.67,0.62
TREEUSDT,0.03715,0.2105772421791956,21.06,0.03671428571428571,0.03802142857142858,0.37227584978423445,37.23,0.03736571428571429,0.036718571428571434,0.57,1.12
TRUMPUSDT,2.62,0.433506758188859,43.35,2.577142857142857,2.7057142857142864,0.40076543043980933,40.08,2.648857142857143,2.5622857142857143,0.65,0.47
TRBUSDT,16.974,0.19057647225349786,19.06,16.84785714285714,17.22628571428572,0.19177925829782735,19.18,17.09114285714286,16.73971428571428,-0.14,0.41
TRUTHUSDT,0.012997,0.3955679288053348,39.56,0.012757142857142858,0.013476714285714285,0.43464547920174934,43.46,0.013068857142857142,0.012853285714285715,1.58,1.16
TRUSTUSDT,0.05026,0.14786202904988177,14.79,0.049865714285714284,0.05104857142857143,0.23591002897376237,23.59,0.050654285714285714,0.04947142857142857,0.36,0.3
TWTUSDT,0.4411,0.7490750251958755,74.91,0.43875714285714285,0.4457857142857143,0.4974315872703494,49.74,0.4433055,0.436689,0.27,0.32
TSTUSDT,0.01665,0.3070379505625001,30.7,0.01645285714285714,0.017044285714285724,0.3424681982913834,34.25,0.017047142857142858,0.01585571428571429,-1.48,0.62
TURBOUSDT,0.0010896,0.2201797452279551,22.02,0.0010615857142857142,0.0011456285714285717,0.3599233042427449,35.99,0.0011548142857142857,0.0009591714285714288,-3.34,0.34
TURTLEUSDT,0.04109,0.23000880640008592,23.0,0.04082000000000001,0.041629999999999986,0.20643144882174758,20.64,0.04134999999999999,0.04057000000000002,-0.02,0.85
TRXUSDT,0.34139,0.544457551239031,54.45,0.33968305000000004,0.34480390000000005,0.2353636484238934,23.54,0.34309695,0.3379761,0.22,0.86
TUTUSDT,0.04033,0.2807543331580453,28.08,0.04007,0.04084999999999999,0.3783572363680956,37.84,0.04129,0.03840999999999999,-1.59,0.47
TUSDT,0.003615,0.6485873718271279,64.86,0.003596,0.003653000000000001,0.540823644342167,54.08,0.003638,0.003569,0.03,0.52
UBUSDT,0.13487,0.26001893707399987,26.0,0.13272285714285711,0.13916428571428574,0.25601736583787765,25.6,0.13758714285714288,0.1294357142857142,0.42,0.55
USUALUSDT,0.010894,0.5006785075044202,50.07,0.010819285714285714,0.01104342857142857,0.18549839076019753,18.55,0.010963714285714285,0.010754571428571428,0.15,0.23
VELVETUSDT,0.101,0.25794989615677544,25.79,0.09724285714285714,0.10851428571428573,0.3925262372907408,39.25,0.10295714285714286,0.0970857142857143,2.85,0.43
USDCUSDT,0.99962,0.5623330056569451,56.23,0.9946219,1.0096162,0.6574909561716373,65.75,1.0046180999999998,0.9896237999999999,-0.01,1.23
USTCUSDT,0.005233,0.5489247779250707,54.89,0.005206835,0.0052853299999999995,0.7147397996692826,71.47,0.005265000000000001,0.005168999999999998,-0.1,0.68
VETUSDT,0.0067,0.2800312795653164,28.0,0.006622714285714286,0.0068545714285714295,0.4157667366407579,41.58,0.006758285714285714,0.0065834285714285725,0.57,0.65
UMAUSDT,0.3624,0.380909618634633,38.09,0.35941428571428574,0.3683714285714285,0.38816516494782033,38.82,0.364212,0.358776,0.42,0.05
VIRTUALUSDT,0.6882,0.307028078649127,30.7,0.6834571428571429,0.6976857142857144,0.2998818540248481,29.99,0.6924428571428571,0.6797142857142858,0.41,0.71
VANAUSDT,0.8986,0.20606839997691181,20.61,0.8938,0.9081999999999998,0.2624090340960687,26.24,0.9046,0.8865999999999999,-0.13,0.17
USELESSUSDT,0.05952,0.4646824479026599,46.47,0.05910571428571429,0.06034857142857143,0.4689193709664923,46.89,0.060714285714285714,0.05713142857142858,-0.4,0.73
UNIUSDT,4.395,0.1850864925343886,18.51,4.367571428571429,4.449857142857141,0.20112624706015236,20.11,4.424428571428572,4.336142857142855,-0.2,0.39
UAIUSDT,0.2695,0.3114634245227056,31.15,0.26615714285714287,0.2761857142857143,0.3151055305080239,31.51,0.27644285714285716,0.25561428571428574,-1.35,0.8
VELODROMEUSDT,0.02232,0.4489218446706889,44.89,0.02216857142857143,0.02262285714285714,0.372485267421646,37.25,0.02296142857142857,0.02103714285714286,-1.28,0.47
WCTUSDT,0.03726,0.2918450274495846,29.18,0.03691,0.03796000000000001,0.3197827325177291,31.98,0.03766,0.036460000000000006,0.11,0.29
WUSDT,0.009079,0.28619460866343305,28.62,0.009033571428571427,0.009169857142857146,0.30667182920719993,30.67,0.009148428571428571,0.008940142857142858,-0.19,1.66
WALUSDT,0.02323,0.2061237874172748,20.61,0.022914285714285717,0.023861428571428568,0.44642334121801486,44.64,0.023395714285714284,0.022898571428571435,0.78,0.44
WAXPUSDT,0.004224,0.5986980478424742,59.87,0.00420288,0.00426624,0.17229421759778407,17.23,0.004283428571428572,0.0041051428571428576,-0.87,0.34
WETUSDT,0.05957,0.37285408797291086,37.29,0.059272149999999996,0.060165699999999996,0.2672392585859096,26.72,0.06016,0.05839,-0.22,2.21
WOOUSDT,0.01115,0.4383723689055717,43.84,0.011069999999999998,0.011310000000000004,0.4734374181451526,47.34,0.01122,0.011009999999999999,0.27,0.59
WIFUSDT,0.2041,0.2687698704413392,26.88,0.2003714285714286,0.21155714285714283,0.5560878721192726,55.61,0.2051205,0.20205900000000002,1.09,0.78
VVVUSDT,16.328,0.570275704402257,57.03,16.24636,16.49128,0.3080437310272288,30.8,16.84042857142857,15.303142857142856,-2.06,1.06
WLDUSDT,0.377,0.4307427407208216,43.07,0.375115,0.38077,0.16076297209022924,16.08,0.3843428571428571,0.3623142857142858,-1.21,1.74
WLFIUSDT,0.05751,0.6200949533543808,62.01,0.05722245,0.0580851,0.8189150965239452,81.89,0.05785428571428571,0.05682142857142857,0.03,0.71
VTHOUSDT,0.0003906,0.9019703830758471,90.2,0.000388647,0.00039450600000000003,0.5635250238184883,56.35,0.00039527142857142855,0.0003812571428571429,-0.89,0.62
USUSDT,0.01849,0.3086254860237344,30.86,0.017720714285714284,0.02002857142857143,0.4455491136820398,44.55,0.018756285714285715,0.01795742857142857,3.67,0.38
XAUTUSDT,4451.14,0.6916746552923039,69.17,4428.884300000001,4495.651400000001,0.6238062508461757,62.38,4473.3957,4406.6286,-0.05,0.52
XAIUSDT,0.007322,0.34739238898170643,34.74,0.007277714285714286,0.0074105714285714296,0.4067831268923257,40.68,0.007382285714285714,0.007201428571428574,0.05,2.49
XMRUSDT,467.65,0.8431100123779475,84.31,463.2485714285714,476.45285714285717,0.30284330157188977,30.28,469.98825,462.9735,0.26,0.91
XANUSDT,0.012701,0.1860263693110094,18.6,0.01228057142857143,0.01354185714285714,0.16006796551945243,16.01,0.01286742857142857,0.012368142857142862,2.61,0.78
XLMUSDT,0.1781,0.48234525383219,48.23,0.17691714285714286,0.1804657142857143,0.7513774553907224,75.14,0.1789905,0.176319,0.27,0.44
XNYUSDT,0.006838,0.17441422166293236,17.44,0.006775857142857143,0.006962285714285714,0.41882762479356644,41.88,0.007039142857142857,0.006435714285714288,-0.57,5.37
XPLUSDT,0.0838,0.3194829004255837,31.95,0.08299714285714285,0.0854057142857143,0.3762969252391275,37.63,0.08435285714285715,0.0826942857142857,0.25,0.53
XPINUSDT,0.001123,0.17508780408725824,17.51,0.0011015714285714285,0.0011658571428571432,0.17809345617341765,17.81,0.0011464285714285715,0.0010761428571428573,0.72,0.4
XRPUSDT,1.3785,0.21685101113388716,21.69,1.3716075,1.392285,0.2933172000223028,29.33,1.3892428571428572,1.3570142857142857,0.01,0.3
XTZUSDT,0.22,0.3263640043567175,32.64,0.2168857142857143,0.22622857142857142,0.42552088194615084,42.55,0.2218142857142857,0.21637142857142858,0.82,0.45
XVGUSDT,0.002429,0.1953772147768485,19.54,0.0024008571428571434,0.0024852857142857137,0.4201908678808972,42.02,0.002441145,0.00240471,0.54,0.2
YBUSDT,0.09348,0.1933780810399073,19.34,0.09261285714285715,0.09521428571428568,0.22237330335271335,22.24,0.09469714285714285,0.09104571428571427,-0.45,0.54
XVSUSDT,3.127,0.7673953357200539,76.74,3.1113649999999997,3.15827,0.8787386356635265,87.87,3.1462857142857144,3.0884285714285706,0.13,0.45
ZETAUSDT,0.03302,0.11830820148862582,11.83,0.03256142857142857,0.03393714285714287,0.2301557856875267,23.02,0.033278571428571435,0.03250285714285713,1.1,0.27
ZAMAUSDT,0.05022,0.5633250634631487,56.33,0.049968900000000004,0.0507222,0.5603821062324392,56.04,0.050768571428571434,0.049122857142857135,-0.65,0.83
ZBTUSDT,0.07921,0.2960399368743478,29.6,0.07852714285714285,0.0805757142857143,0.2321767114119706,23.22,0.07986285714285715,0.0779042857142857,-0.34,0.39
ZKCUSDT,0.03898,0.47271582431542664,47.27,0.0387851,0.0393698,0.9034283921023313,90.34,0.03924571428571429,0.03844857142857143,-0.18,0.59
YGGUSDT,0.02219,0.31506027023888566,31.51,0.022022857142857143,0.02252428571428572,0.36147057202449784,36.15,0.022357142857142857,0.02185571428571429,0.23,0.51
ZILUSDT,0.002573,0.6511364873896561,65.11,0.0025514285714285712,0.002616142857142858,0.3670312931708631,36.7,0.0025865714285714285,0.0025458571428571435,0.27,0.37
ZEREBROUSDT,0.040576,0.2268356059402344,22.68,0.04025914285714286,0.04120971428571428,0.5643589496616289,56.44,0.04094385714285714,0.03984028571428572,0.51,0.53
YFIUSDT,2259.0,0.16558937670648535,16.56,2244.285714285714,2288.4285714285716,0.15050422784621179,15.05,2270.295,2236.41,0.09,0.27
ZENUSDT,4.915,0.11538594605199082,11.54,4.888142857142857,4.968714285714285,0.258088347991381,25.81,4.9438571428571425,4.857285714285715,-0.1,0.27
ZESTUSDT,0.14049,0.6823588219231874,68.24,0.1396585714285714,0.1421528571428572,0.5354767585806508,53.55,0.14119245,0.13908510000000002,0.14,1.08
ZECUSDT,795.42,0.14475057811651426,14.48,787.5414285714286,811.1771428571427,0.14589406865724147,14.59,805.3685714285714,775.5228571428571,-0.01,0.41
ZKPUSDT,0.04281,0.2579743597939459,25.8,0.04220142857142858,0.04402714285714285,0.32134727935298335,32.13,0.04306857142857142,0.04229285714285716,0.9,1.8
ZKUSDT,0.008093,0.26037367056451266,26.04,0.00803742857142857,0.008204142857142858,0.21982952611273351,21.98,0.00814257142857143,0.00799385714285714,0.2,0.73
ZORAUSDT,0.006043,0.22365160598077652,22.37,0.005988571428571429,0.006151857142857141,0.2482569869693532,24.83,0.0060854285714285715,0.005958142857142856,0.05,0.24
ZROUSDT,1.0976,0.35043896149592246,35.04,1.0829857142857142,1.1268285714285713,0.3800730147517056,38.01,1.1085142857142858,1.0757714285714282,0.1,1.59
ZRXUSDT,0.0968,0.5696407285216722,56.96,0.096,0.09839999999999999,0.28500139747127506,28.5,0.0976,0.09519999999999998,0.41,0.37
