symbol,price,win_prob,win_prob_pct,sl_price,tp_price,sl_pct,tp_pct,trend_100b,volume_ratio
KNCUSDT,0.1143,0.9065164602479827,90.65,0.1134,0.1161,0.79,1.57,0.53,0.43
VTHOUSDT,0.0003907,0.8745236760783919,87.45,0.0003887465,0.000394607,0.5,1.0,-0.84,0.74
FILUSDT,0.6793,0.8563137386666262,85.63,0.6740714285714287,0.6897571428571427,0.77,1.54,0.34,0.38
FLOCKUSDT,0.03195,0.8515917882103919,85.16,0.031732857142857146,0.032384285714285706,0.68,1.36,0.09,0.5
XMRUSDT,467.47,0.8429035982282505,84.29,463.1842857142857,476.0414285714287,0.92,1.83,0.26,0.96
1000LUNCUSDT,0.05229,0.81798079494808,81.8,0.05201571428571428,0.05283857142857144,0.52,1.05,0.08,0.48
BANUSDT,0.07187,0.8146016078672405,81.46,0.07139,0.07283000000000002,0.67,1.34,0.29,0.84
1000FLOKIUSDT,0.02538,0.8108073699402693,81.08,0.025234285714285716,0.025671428571428567,0.57,1.15,0.12,0.48
MTLUSDT,0.2294,0.808248587209729,80.82,0.22825299999999998,0.23169399999999998,0.5,1.0,-0.22,0.48
ICPUSDT,2.356,0.7989591440939793,79.9,2.341428571428571,2.3851428571428572,0.62,1.24,-0.08,0.4
SPACEUSDT,0.004855,0.797659463684273,79.77,0.004790142857142857,0.004984714285714285,1.34,2.67,1.1,1.95
BTWUSDT,0.40692,0.7891820928530978,78.92,0.399,0.42275999999999997,1.95,3.89,-5.92,1.16
QNTUSDT,60.96,0.7827974904059721,78.28,60.40428571428571,62.07142857142858,0.91,1.82,0.31,0.49
SPKUSDT,0.01829,0.7794150842763058,77.94,0.01819855,0.0184729,0.5,1.0,-0.92,1.32
CFXUSDT,0.04545,0.7771183433836822,77.71,0.045161428571428575,0.04602714285714284,0.63,1.27,0.0,1.34
AAVEUSDT,121.61,0.7745337495975985,77.45,120.86714285714285,123.0957142857143,0.61,1.22,-0.29,0.5
XVSUSDT,3.127,0.7707443180436895,77.07,3.1113649999999997,3.15827,0.5,1.0,0.13,0.45
LUNA2USDT,0.04507,0.7682308026652126,76.82,0.044762857142857146,0.045684285714285705,0.68,1.36,0.42,0.75
RENDERUSDT,1.446,0.7676534829847064,76.77,1.4374285714285713,1.4631428571428573,0.59,1.19,-0.14,0.59
BANANAUSDT,3.851,0.7647298390745375,76.47,3.8267142857142855,3.899571428571429,0.63,1.26,0.31,0.15
BIOUSDT,0.02767,0.7636630418439518,76.37,0.02752857142857143,0.02795285714285714,0.51,1.02,-0.07,0.46
NEOUSDT,2.096,0.7620468001889898,76.2,2.0854285714285714,2.1171428571428574,0.5,1.01,0.0,0.64
BASEDUSDT,0.07042,0.7384649271297871,73.85,0.07003857142857142,0.07118285714285714,0.54,1.08,-0.51,0.41
ETCUSDT,7.499,0.7383444298253266,73.83,7.453142857142857,7.590714285714285,0.61,1.22,0.03,0.58
TWTUSDT,0.441,0.7340695399700619,73.41,0.43875714285714285,0.4454857142857143,0.51,1.02,0.25,0.27
KASUSDT,0.02806,0.7311274964873379,73.11,0.02790857142857143,0.028362857142857148,0.54,1.08,0.0,0.37
IDUSDT,0.03094,0.7285301258165141,72.85,0.030725714285714283,0.031368571428571426,0.69,1.39,0.06,0.55
CGPTUSDT,0.01993,0.7236799183029742,72.37,0.01983035,0.0201293,0.5,1.0,-0.1,0.47
DEXEUSDT,2.376,0.7229366718600951,72.29,2.1544285714285714,2.819142857142857,9.33,18.65,3.71,0.85
BANANAS31USDT,0.008748,0.7181682931132806,71.82,0.008694428571428572,0.008855142857142858,0.61,1.22,0.29,0.67
TNSRUSDT,0.03345,0.718165927322967,71.82,0.03328275,0.0337845,0.5,1.0,0.06,0.75
CTKUSDT,0.115,0.716419969239773,71.64,0.114425,0.11615,0.5,1.0,-0.26,0.33
RSRUSDT,0.00143,0.7132405359489578,71.32,0.00142285,0.0014443000000000001,0.5,1.0,0.07,0.36
ARUSDT,2.065,0.7119613147403905,71.2,2.0501428571428573,2.0947142857142853,0.72,1.44,0.0,0.66
TOWNSUSDT,0.002497,0.7115460345541421,71.15,0.002484515,0.00252197,0.5,1.0,-1.03,0.31
DATAIPUSDT,0.1801,0.7091030792658838,70.91,0.1791995,0.181901,0.5,1.0,-0.72,0.37
ASRUSDT,0.882,0.7086566770632958,70.87,0.8764285714285714,0.8931428571428571,0.63,1.26,0.11,1.05
OPUSDT,0.08976,0.7044486919880916,70.44,0.08931120000000001,0.0906576,0.5,1.0,-0.14,0.37
ETHWUSDT,0.2706,0.7034221572255398,70.34,0.26922857142857143,0.27334285714285717,0.51,1.01,-0.15,1.25
QUSDT,0.024075,0.7007681308348348,70.08,0.023954625,0.02431575,0.5,1.0,-1.49,0.16
DYDXUSDT,0.1096,0.696288779509519,69.63,0.109052,0.110696,0.5,1.0,0.0,0.42
SAHARAUSDT,0.008261,0.6924497405519516,69.24,0.008205142857142857,0.008372714285714284,0.68,1.35,0.08,0.71
ORDIUSDT,4.003,0.691600878384503,69.16,3.974,4.061,0.72,1.45,0.3,0.68
JSTUSDT,0.09755,0.6909799489670829,69.1,0.09706225,0.0985255,0.5,1.0,0.24,0.85
SKLUSDT,0.003684,0.6884827431424252,68.85,0.0036611428571428567,0.003729714285714287,0.62,1.24,0.08,3.36
ACHUSDT,0.004889,0.6874270704332539,68.74,0.0048645550000000004,0.00493789,0.5,1.0,-0.31,0.16
WOOUSDT,0.01118,0.6815971883902647,68.16,0.011074285714285712,0.011391428571428578,0.95,1.89,0.54,0.42
POWERUSDT,0.07742,0.6809425132009349,68.09,0.07675285714285715,0.07875428571428571,0.86,1.72,0.22,2.98
DOTUSDT,0.8447,0.6752654990103636,67.53,0.8403285714285714,0.8534428571428572,0.52,1.04,0.09,0.87
MAGMAUSDT,0.49524,0.6748454665295276,67.48,0.48039000000000004,0.52494,3.0,6.0,-0.47,1.2
RONINUSDT,0.05404,0.6746341626269388,67.46,0.0537698,0.0545804,0.5,1.0,-0.15,0.26
ZAMAUSDT,0.05022,0.6721432570322958,67.21,0.049968900000000004,0.0507222,0.5,1.0,-0.77,0.84
1INCHUSDT,0.08719,0.6721426821258434,67.21,0.08675405,0.0880619,0.5,1.0,-0.08,0.49
LISTAUSDT,0.0662,0.6718260253787849,67.18,0.06578285714285714,0.0670342857142857,0.63,1.26,0.0,0.61
TIAUSDT,0.3399,0.6708342954724191,67.08,0.33820049999999996,0.34329899999999997,0.5,1.0,-0.15,0.41
POWRUSDT,0.04483,0.6698152598559014,66.98,0.04460585,0.0452783,0.5,1.0,0.22,0.32
AVAUSDT,0.2009,0.6661954789548965,66.62,0.1998955,0.202909,0.5,1.0,-0.15,0.2
REUSDT,0.5127,0.6640842970641905,66.41,0.5101365,0.517827,0.5,1.0,-1.91,0.57
SKYUSDT,0.06668,0.6608197190282922,66.08,0.0663466,0.0673468,0.5,1.0,-0.03,0.21
STEEMUSDT,0.04505,0.6591547025553822,65.92,0.04482475,0.0455005,0.5,1.0,-0.31,1.63
GRTUSDT,0.01666,0.6568669391808215,65.69,0.01649857142857143,0.016982857142857147,0.97,1.94,0.36,0.28
ZESTUSDT,0.14048,0.6562772299386973,65.63,0.13965999999999998,0.14212000000000002,0.58,1.17,0.13,0.97
HBARUSDT,0.07667,0.6536318852396217,65.36,0.07598285714285714,0.07804428571428572,0.9,1.79,0.66,0.55
IDOLUSDT,0.01511,0.6534496548197316,65.34,0.01503142857142857,0.01526714285714286,0.52,1.04,0.13,0.39
ZILUSDT,0.002573,0.6526185113697176,65.26,0.0025514285714285712,0.002616142857142858,0.84,1.68,0.12,0.35
BNBUSDT,688.45,0.6502506703988059,65.03,685.0077500000001,695.3345,0.5,1.0,-0.26,1.24
VVVUSDT,16.318,0.6441930400117962,64.42,16.236410000000003,16.481180000000002,0.5,1.0,-2.02,1.14
OPENUSDT,0.1516,0.6425196623340154,64.25,0.150842,0.153116,0.5,1.0,-0.59,0.91
SUNUSDT,0.016862,0.6388961914178424,63.89,0.016777689999999998,0.01703062,0.5,1.0,0.21,1.14
ERAUSDT,0.05569,0.6375896601941382,63.76,0.05539285714285714,0.05628428571428573,0.53,1.07,0.09,0.67
TUSDT,0.003616,0.6348254915881741,63.48,0.003595857142857143,0.003656285714285714,0.56,1.11,-0.14,0.55
WLFIUSDT,0.05751,0.6333450622325085,63.33,0.05722245,0.0580851,0.5,1.0,0.02,0.74
XAUTUSDT,4452.98,0.6324892631841222,63.25,4430.715099999999,4497.5098,0.5,1.0,-0.05,0.41
WAXPUSDT,0.004224,0.6314246249628797,63.14,0.00420288,0.00426624,0.5,1.0,-0.91,0.4
CAKEUSDT,1.699,0.629503125504722,62.95,1.6905050000000001,1.7159900000000001,0.5,1.0,-0.2,0.49
LINKUSDT,11.349,0.6293033500618684,62.93,11.292255,11.46249,0.5,1.0,-0.52,0.5
BNTUSDT,0.3178,0.627985976448909,62.8,0.316211,0.32097800000000004,0.5,1.0,-0.47,0.42
BTCUSDT,77349.0,0.6239354990859206,62.39,76962.255,78122.49,0.5,1.0,-0.49,0.41
GMTUSDT,0.00692,0.6224350884621167,62.24,0.0068592857142857145,0.007041428571428571,0.88,1.75,-0.01,0.18
AVAXUSDT,7.263,0.6199996326058256,62.0,7.226685,7.33563,0.5,1.0,-0.06,0.61
NIGHTUSDT,0.01932,0.6146092514978253,61.46,0.01913857142857143,0.019682857142857144,0.94,1.88,0.63,1.65
MOCAUSDT,0.008452,0.6140784272323898,61.41,0.008409739999999999,0.008536519999999999,0.5,1.0,-0.27,0.24
SEIUSDT,0.04597,0.6116088369913557,61.16,0.04574015,0.0464297,0.5,1.0,0.0,0.25
SLXUSDT,0.06939,0.6098953922990414,60.99,0.06904305,0.07008389999999999,0.5,1.0,-0.6,1.02
AZTECUSDT,0.01338,0.6084280357141936,60.84,0.0133131,0.0135138,0.5,1.0,-0.15,0.21
HYPERUSDT,0.06309,0.6080833961352801,60.81,0.06276999999999999,0.06373,0.51,1.01,-0.21,0.58
1000000MOGUSDT,0.1135,0.6075989246802623,60.76,0.1129325,0.114635,0.5,1.0,-0.44,0.42
CYBERUSDT,0.304,0.606635214745161,60.66,0.30247999999999997,0.30704,0.5,1.0,-0.26,0.46
BABYUSDT,0.01241,0.6055208853495876,60.55,0.01234795,0.0125341,0.5,1.0,-1.82,0.23
SFPUSDT,0.2568,0.6051802314151762,60.52,0.25551599999999997,0.259368,0.5,1.0,-0.47,0.28
CHILLGUYUSDT,0.013805,0.6031959259776258,60.32,0.012757285714285714,0.015900428571428572,7.59,15.18,2.06,2.44
MEGAUSDT,0.0372,0.5993759534219121,59.94,0.03688428571428572,0.03783142857142856,0.85,1.7,-0.29,0.16
ARPAUSDT,0.009432,0.5939679053943056,59.4,0.00938484,0.00952632,0.5,1.0,-0.27,0.43
OUSDT,0.4486,0.593159796763912,59.32,0.4456428571428572,0.45451428571428565,0.66,1.32,-0.62,0.7
PAXGUSDT,4458.55,0.5843409520734976,58.43,4436.257250000001,4503.1355,0.5,1.0,0.01,1.2
COOKIEUSDT,0.011354,0.5811381074891435,58.11,0.011291571428571427,0.011478857142857145,0.55,1.1,0.13,0.64
BULLAUSDT,0.016727,0.5804044364452531,58.04,0.016643365,0.01689427,0.5,1.0,0.04,0.58
RVNUSDT,0.003044,0.5799789469762285,58.0,0.0030169999999999997,0.003098,0.89,1.77,-0.1,0.46
AKEUSDT,0.009479,0.5769654808678727,57.7,0.008762571428571427,0.010911857142857145,7.56,15.12,5.19,0.55
ICNTUSDT,0.1115,0.574587698691994,57.46,0.1109425,0.112615,0.5,1.0,-0.98,0.84
RLCUSDT,0.3088,0.57268110375818,57.27,0.30725600000000003,0.311888,0.5,1.0,-0.68,0.37
AKTUSDT,0.5163,0.5684387674168321,56.84,0.5124714285714286,0.5239571428571428,0.74,1.48,0.29,0.32
DOGSUSDT,3.918e-05,0.5680841542187133,56.81,3.89841e-05,3.95718e-05,0.5,1.0,0.05,1.86
VELODROMEUSDT,0.02228,0.5674085265351533,56.74,0.0221686,0.0225028,0.5,1.0,-1.55,0.53
USUALUSDT,0.010897,0.5669314143880421,56.69,0.010818714285714286,0.01105357142857143,0.72,1.44,0.08,0.34
TRXUSDT,0.34139,0.5662423670962852,56.62,0.33968305000000004,0.34480390000000005,0.5,1.0,0.22,0.98
1000000BOBUSDT,0.01535,0.5660425408740511,56.6,0.01527325,0.015503500000000002,0.5,1.0,-0.97,0.53
BELUSDT,0.11467,0.5648294070502972,56.48,0.11409665,0.1158167,0.5,1.0,-0.1,0.23
1000SHIBUSDT,0.005152,0.5627172964359292,56.27,0.005126240000000001,0.0052035200000000005,0.5,1.0,-0.25,1.38
ALLUSDT,0.5412,0.5611192005595553,56.11,0.538494,0.546612,0.5,1.0,-0.11,0.12
BROCCOLI714USDT,0.01685,0.5592016833968755,55.92,0.016731428571428574,0.017087142857142853,0.7,1.41,0.06,0.93
AIGENSYNUSDT,0.01963,0.5585246302274296,55.85,0.01953185,0.0198263,0.5,1.0,-0.66,0.81
AEROUSDT,0.4882,0.5582057798313056,55.82,0.485759,0.493082,0.5,1.0,-0.93,0.87
SUSHIUSDT,0.1873,0.554010832993525,55.4,0.18594285714285716,0.19001428571428566,0.72,1.45,0.05,0.25
JASMYUSDT,0.004526,0.5503785169112931,55.04,0.00450337,0.00457126,0.5,1.0,-1.93,0.41
USTCUSDT,0.005233,0.5489247779250707,54.89,0.005206835,0.0052853299999999995,0.5,1.0,-0.1,0.66
PRLUSDT,0.1831,0.5475997742985163,54.76,0.1821845,0.184931,0.5,1.0,-1.24,2.35
HOTUSDT,0.0003775,0.5462988434988081,54.63,0.00037420000000000004,0.00038409999999999996,0.87,1.75,-0.34,0.52
JCTUSDT,0.001807,0.5439832884201474,54.4,0.0017979650000000001,0.00182507,0.5,1.0,-1.47,0.54
DOGEUSDT,0.08478,0.5271266662447399,52.71,0.08426142857142857,0.08581714285714284,0.61,1.22,0.12,0.95
MOVEUSDT,0.009056,0.5250457032244779,52.5,0.00901072,0.00914656,0.5,1.0,-1.17,0.69
BCHUSDT,247.64,0.5229929584885353,52.3,246.40179999999998,250.1164,0.5,1.0,-0.02,0.74
PIEVERSEUSDT,1.0108,0.521513120113684,52.15,1.005746,1.020908,0.5,1.0,-0.65,0.47
BRUSDT,0.24128,0.5204186966362078,52.04,0.2400736,0.2436928,0.5,1.0,-1.17,0.91
KOMAUSDT,0.012989,0.5199925139633683,52.0,0.012867857142857143,0.013231285714285716,0.93,1.87,0.56,1.32
CFGUSDT,0.1219,0.5124784631683011,51.25,0.12125714285714286,0.12318571428571427,0.53,1.05,-0.73,0.34
ZRXUSDT,0.0968,0.5067688688170549,50.68,0.09597142857142857,0.09845714285714285,0.86,1.71,0.41,0.53
SIRENUSDT,0.02825,0.5063756894687576,50.64,0.028108750000000002,0.028532500000000002,0.5,1.0,0.04,0.9
SUPERUSDT,0.11109,0.5050944450902156,50.51,0.11048,0.11231,0.55,1.1,-0.15,0.38
POLYXUSDT,0.03445,0.5003442376428491,50.03,0.034145714285714286,0.03505857142857143,0.88,1.77,0.64,0.63
TOSHIUSDT,0.0001231,0.4952067444218249,49.52,0.00012217142857142856,0.00012495714285714292,0.75,1.51,0.0,0.08
CHRUSDT,0.01462,0.49235270301169654,49.24,0.0145469,0.0147662,0.5,1.0,-0.88,0.3
ANIMEUSDT,0.002604,0.49132828148925206,49.13,0.002585142857142857,0.002641714285714286,0.72,1.45,0.35,0.37
TLMUSDT,0.001418,0.4903215354143405,49.03,0.00141091,0.00143218,0.5,1.0,-1.05,0.86
BASUSDT,0.024965,0.486950240088483,48.7,0.024128857142857143,0.026637285714285718,3.35,6.7,1.36,0.68
ARBUSDT,0.08737,0.4855691755301378,48.56,0.08693315,0.08824370000000001,0.5,1.0,-0.31,0.62
FLUIDUSDT,1.302,0.4845296561607734,48.45,1.2941428571428573,1.3177142857142856,0.6,1.21,0.23,0.25
STBLUSDT,0.02742,0.4712137714185919,47.12,0.027264285714285717,0.027731428571428567,0.57,1.14,-0.22,0.63
ONDOUSDT,0.3527,0.4671632774977904,46.72,0.35093650000000004,0.356227,0.5,1.0,-0.37,0.75
1000CATUSDT,0.001897,0.46576502368854017,46.58,0.001887515,0.0019159700000000001,0.5,1.0,-0.78,0.7
1000RATSUSDT,0.04235,0.46444566966013234,46.44,0.04195,0.043149999999999994,0.94,1.89,0.64,0.61
TUTUSDT,0.04044,0.4633957912678827,46.34,0.04007714285714286,0.04116571428571427,0.9,1.79,-1.15,0.47
PENDLEUSDT,1.6922,0.46170970927364136,46.17,1.6770142857142856,1.7225714285714286,0.9,1.79,0.24,0.39
GUSDT,0.003822,0.4599692178227704,46.0,0.0037928571428571425,0.0038802857142857146,0.76,1.53,-0.05,1.03
CLANKERUSDT,12.5,0.4588156103930107,45.88,12.41,12.68,0.72,1.44,-0.24,0.65
MAGICUSDT,0.04498,0.4586572682983715,45.87,0.04464714285714286,0.04564571428571428,0.74,1.48,0.27,0.16
PROMUSDT,5.073,0.45739163164480806,45.74,4.976571428571429,5.2658571428571435,1.9,3.8,0.04,0.51
NXPCUSDT,0.2109,0.4570781297219667,45.71,0.20902857142857142,0.21464285714285716,0.89,1.77,0.62,0.37
MANTRAUSDT,0.0043,0.45474421359033146,45.47,0.004238571428571428,0.004422857142857143,1.43,2.86,0.42,0.7
GENIUSUSDT,0.2803,0.4546835034844392,45.47,0.27881428571428574,0.2832714285714285,0.53,1.06,-0.43,1.13
LINEAUSDT,0.00243,0.44853297751959603,44.85,0.0024065714285714285,0.0024768571428571426,0.96,1.93,0.66,0.57
1MBABYDOGEUSDT,0.0003606,0.4473611465716538,44.74,0.000358797,0.000364206,0.5,1.0,-0.3,2.32
BOMEUSDT,0.0010108,0.44395960044207844,44.4,0.0009829857142857144,0.0010664285714285715,2.75,5.5,2.09,1.12
USELESSUSDT,0.0595,0.4406364545204597,44.06,0.059101428571428576,0.06029714285714284,0.67,1.34,-0.53,0.74
KAIAUSDT,0.03014,0.4397462899785489,43.97,0.029835714285714285,0.03074857142857143,1.01,2.02,0.13,0.9
BEAMXUSDT,0.001577,0.4397067026624472,43.97,0.001568,0.0015950000000000003,0.57,1.14,-2.53,0.56
ONGUSDT,0.11093,0.4391695448236782,43.92,0.10915285714285713,0.11448428571428573,1.6,3.2,0.05,0.77
PROVEUSDT,0.1663,0.43720910149302505,43.72,0.16528571428571429,0.16832857142857144,0.61,1.22,0.42,0.28
JELLYJELLYUSDT,0.05534,0.43452375759567596,43.45,0.05442714285714286,0.05716571428571428,1.65,3.3,0.89,1.58
OPNUSDT,0.05269,0.4305044216157321,43.05,0.05206285714285715,0.05394428571428571,1.19,2.38,0.44,0.64
ZKCUSDT,0.03901,0.4296534842005632,42.97,0.03881495,0.0394001,0.5,1.0,-0.33,0.61
PLUMEUSDT,0.01371,0.42743667730636453,42.74,0.013492857142857143,0.014144285714285713,1.58,3.17,1.03,1.37
JUPUSDT,0.22,0.42739855429730716,42.74,0.21628571428571428,0.22742857142857145,1.69,3.38,1.01,0.54
EGLDUSDT,3.465,0.4255921177986544,42.56,3.4285714285714284,3.537857142857143,1.05,2.1,0.43,0.43
CCUSDT,0.11044,0.4254766978291295,42.55,0.10918857142857144,0.11294285714285711,1.13,2.27,0.9,1.47
ETHUSDT,2425.45,0.4215911730758087,42.16,2413.32275,2449.7045,0.5,1.0,-0.52,0.79
KAVAUSDT,0.04572,0.4199232358668116,41.99,0.04548714285714286,0.046185714285714274,0.51,1.02,-0.91,0.47
TRIAUSDT,0.005342,0.41947794647543646,41.95,0.005066,0.005894000000000001,5.17,10.33,-0.89,0.78
EIGENUSDT,0.1929,0.41852185913177986,41.85,0.19193549999999998,0.19482899999999997,0.5,1.0,-0.72,0.59
ENSOUSDT,0.8582,0.41499170888712644,41.5,0.8476571428571429,0.8792857142857141,1.23,2.46,0.79,1.06
BUSDT,0.1368,0.41437682063018455,41.44,0.13512857142857143,0.14014285714285715,1.22,2.44,0.22,0.56
LITUSDT,3.3971,0.41046814239912266,41.05,3.331385714285714,3.5285285714285717,1.93,3.87,0.77,0.87
LPTUSDT,1.353,0.41040292259191974,41.04,1.3431428571428572,1.3727142857142856,0.73,1.46,0.52,0.21
QTUMUSDT,0.8131,0.4095665100045577,40.96,0.8090345,0.821231,0.5,1.0,-0.66,0.61
1000CHEEMSUSDT,0.0005145,0.40820755819855276,40.82,0.0005104714285714285,0.0005225571428571429,0.78,1.57,-0.06,0.41
FFUSDT,0.09321,0.40698528473083917,40.7,0.09205428571428571,0.09552142857142858,1.24,2.48,-0.99,1.04
ENJUSDT,0.02555,0.4065820849078503,40.66,0.025035714285714286,0.026578571428571427,2.01,4.03,1.47,1.32
CAPUSDT,0.06935,0.4041641365337775,40.42,0.06877857142857144,0.07049285714285711,0.82,1.65,0.29,0.69
BTCDOMUSDT,5340.7,0.4016227436588763,40.16,5313.9965,5394.107,0.5,1.0,-0.16,2.01
PHAROSUSDT,0.4152,0.4007610894321727,40.08,0.41104285714285715,0.42351428571428573,1.0,2.0,0.31,0.24
C98USDT,0.0145,0.39938022098917797,39.94,0.014277142857142856,0.01494571428571429,1.54,3.07,0.49,1.1
IOTAUSDT,0.03907,0.39674927106814734,39.67,0.038874650000000004,0.0394607,0.5,1.0,-0.56,1.74
HEIUSDT,0.14127,0.3965447369712855,39.65,0.14041285714285714,0.14298428571428573,0.61,1.21,-0.95,0.49
TRUTHUSDT,0.012994,0.3955679288053348,39.56,0.012755714285714285,0.01347057142857143,1.83,3.67,1.56,1.17
VIRTUALUSDT,0.6886,0.3949077336289274,39.49,0.6835428571428571,0.6987142857142857,0.73,1.47,0.47,0.67
TRUMPUSDT,2.622,0.39460400107557,39.46,2.5781428571428573,2.709714285714285,1.67,3.35,0.73,0.42
BREVUSDT,0.07067,0.3943699465503132,39.44,0.07024999999999999,0.07151,0.59,1.19,0.26,1.06
MELANIAUSDT,0.11122,0.39350697665380524,39.35,0.1106639,0.1123322,0.5,1.0,-1.15,0.85
XLMUSDT,0.17812,0.39216120192663295,39.22,0.17692857142857144,0.18050285714285713,0.67,1.34,0.28,0.38
INXUSDT,0.006878,0.3885509156421623,38.86,0.006835428571428571,0.006963142857142859,0.62,1.24,-0.03,0.5
MINAUSDT,0.05982,0.38836110596761025,38.84,0.05906142857142858,0.06133714285714284,1.27,2.54,0.37,0.66
FOLKSUSDT,2.108,0.3879016688384029,38.79,2.087285714285714,2.149428571428572,0.98,1.97,0.62,0.33
APEUSDT,0.1364,0.3870050497671861,38.7,0.13535714285714284,0.1384857142857143,0.76,1.53,0.0,0.25
STABLEUSDT,0.02638,0.386605069136738,38.66,0.025560000000000003,0.028019999999999996,3.11,6.22,1.42,0.86
EDENUSDT,0.06874,0.384339402345897,38.43,0.06723285714285715,0.07175428571428569,2.19,4.39,-1.62,1.02
SPXUSDT,0.5301,0.38228812472643137,38.23,0.5254285714285715,0.5394428571428571,0.88,1.76,-1.47,0.46
ORDERUSDT,0.03283,0.38214120994567075,38.21,0.03247571428571428,0.03353857142857143,1.08,2.16,0.03,0.57
USDCUSDT,0.999619,0.3818564605856815,38.19,0.994620905,1.00961519,0.5,1.0,-0.01,0.92
STARUSDT,0.12356,0.38100111481935645,38.1,0.12174285714285714,0.12719428571428573,1.47,2.94,0.37,0.49
4USDT,0.0118,0.3777244207808771,37.77,0.011633285714285714,0.012133428571428571,1.41,2.83,0.8,0.68
COMPUSDT,18.04,0.3774373152634334,37.74,17.9498,18.220399999999998,0.5,1.0,-0.28,0.72
POLUSDT,0.1076,0.37662542702500684,37.66,0.10650571428571429,0.10978857142857143,1.02,2.03,0.15,0.98
SOLVUSDT,0.002794,0.37614895555420086,37.61,0.002774142857142857,0.002833714285714286,0.71,1.42,-0.6,0.52
SXTUSDT,0.00817,0.37462033572037223,37.46,0.008080285714285715,0.00834942857142857,1.1,2.2,-1.52,0.48
1000PEPEUSDT,0.003664,0.3744352625067719,37.44,0.00364568,0.0037006400000000003,0.5,1.0,-0.59,0.47
WETUSDT,0.05955,0.3728208160478832,37.28,0.05925225,0.0601455,0.5,1.0,-0.25,2.21
SAPIENUSDT,0.07867,0.37197416375403125,37.2,0.07810571428571429,0.07979857142857143,0.72,1.43,0.24,0.28
SWARMSUSDT,0.008044,0.3713829591035302,37.14,0.007970428571428571,0.00819114285714286,0.91,1.83,0.3,0.27
METISUSDT,2.669,0.3711718850358468,37.12,2.6447142857142856,2.717571428571429,0.91,1.82,0.38,0.58
BARDUSDT,0.1173,0.37076722469156814,37.08,0.11657142857142858,0.11875714285714285,0.62,1.24,0.26,0.81
LABUSDT,0.07829,0.3707335266878644,37.07,0.07679857142857144,0.08127285714285712,1.91,3.81,0.49,1.44
ALICEUSDT,0.137,0.37032149303156425,37.03,0.13615714285714287,0.1386857142857143,0.62,1.23,-0.58,1.95
CHIPUSDT,0.04115,0.36989412398799576,36.99,0.04089285714285714,0.041664285714285716,0.62,1.25,-0.68,1.03
JTOUSDT,0.4805,0.36988039837866654,36.99,0.47797142857142855,0.48555714285714285,0.53,1.05,-0.27,1.37
DOODUSDT,0.001333,0.3692984545292165,36.93,0.00131,0.001379,1.73,3.45,1.06,1.03
CVXUSDT,2.272,0.3683104563949438,36.83,2.254571428571429,2.3068571428571416,0.77,1.53,-0.13,0.72
CLOUSDT,0.09946,0.3676878785482127,36.77,0.09609714285714285,0.10618571428571431,3.38,6.76,2.71,0.92
COTIUSDT,0.012308,0.3647699767203781,36.48,0.012107857142857142,0.012708285714285714,1.63,3.25,1.23,0.5
BATUSDT,0.06828,0.36401933387001423,36.4,0.06793859999999999,0.06896279999999999,0.5,1.0,0.01,0.67
CUSDT,0.0627,0.3635477174317502,36.35,0.062212857142857146,0.06367428571428572,0.78,1.55,-0.37,0.7
AGLDUSDT,0.1656,0.36305889917553097,36.31,0.1639142857142857,0.16897142857142858,1.02,2.04,0.67,0.44
IOSTUSDT,0.0005916,0.36024285141615353,36.02,0.000588642,0.000597516,0.5,1.0,-1.02,0.68
1000SATSUSDT,1.104e-05,0.35989330120888186,35.99,1.0984799999999999e-05,1.11504e-05,0.5,1.0,-0.18,1.05
BLUAIUSDT,0.012849,0.3576176680454939,35.76,0.012639285714285714,0.01326842857142857,1.63,3.26,0.54,0.5
THETAUSDT,0.173,0.35724019509966704,35.72,0.17158571428571429,0.1758285714285714,0.82,1.64,0.0,1.69
EDGEUSDT,0.3889,0.3565207802198272,35.65,0.3865857142857143,0.39352857142857145,0.6,1.19,-0.21,0.7
FLUXUSDT,0.04666,0.35569704657996376,35.57,0.04637,0.04724,0.62,1.24,-0.04,0.42
UMAUSDT,0.3626,0.3550816854557813,35.51,0.35940000000000005,0.36899999999999983,0.88,1.77,0.53,0.05
BERAUSDT,0.1667,0.35442782270560547,35.44,0.1656,0.16889999999999997,0.66,1.32,-0.18,0.78
HOMEUSDT,0.005956,0.354275010809409,35.43,0.005920571428571429,0.006026857142857144,0.59,1.19,-0.52,0.82
KGENUSDT,0.1823,0.3533283945334288,35.33,0.17779999999999999,0.1913,2.47,4.94,1.62,0.39
SAGAUSDT,0.01478,0.35324287940465315,35.32,0.014532857142857143,0.015274285714285714,1.67,3.34,1.09,0.7
SOMIUSDT,0.1168,0.3528004773619917,35.28,0.11458571428571429,0.12122857142857142,1.9,3.79,0.78,0.82
MANAUSDT,0.07381,0.3525308046557492,35.25,0.07321857142857142,0.07499285714285715,0.8,1.6,0.19,0.52
RAYSOLUSDT,0.8002,0.3523580533903395,35.24,0.7918142857142857,0.8169714285714287,1.05,2.1,0.18,0.37
TAGUSDT,0.00083,0.34945626148267067,34.95,0.000825,0.00084,0.6,1.2,-0.6,1.26
AWEUSDT,0.06313,0.34820395076800653,34.82,0.06278428571428571,0.0638214285714286,0.55,1.1,-1.02,1.12
TAIKOUSDT,0.07168,0.3478072084783512,34.78,0.0713216,0.0723968,0.5,1.0,-0.73,0.81
BILLUSDT,0.02028,0.3472470107391965,34.72,0.020055714285714288,0.020728571428571423,1.11,2.21,-0.1,0.9
NEIROUSDT,8.775e-05,0.3467781496805942,34.68,8.662e-05,9.001000000000003e-05,1.29,2.58,0.22,0.54
AINUSDT,0.06995,0.3460246451932468,34.6,0.06956,0.07073,0.56,1.12,-2.32,0.64
ARKUSDT,0.1102,0.34562714938021954,34.56,0.10950000000000003,0.11159999999999996,0.64,1.27,0.27,0.49
TAOUSDT,234.32,0.3454245108247239,34.54,232.3557142857143,238.24857142857138,0.84,1.68,-0.04,0.88
YGGUSDT,0.0222,0.34483841274093024,34.48,0.022022857142857143,0.022554285714285718,0.8,1.6,0.18,0.52
EDUUSDT,0.04781,0.3444224734922755,34.44,0.04668714285714286,0.05005571428571428,2.35,4.7,-0.23,0.46
ARCUSDT,0.07064,0.3427635336618025,34.28,0.06940428571428571,0.07311142857142856,1.75,3.5,-0.66,0.51
ONEUSDT,0.0007457,0.34046581439188256,34.05,0.0007387142857142857,0.0007596714285714285,0.94,1.87,-0.21,0.84
JOEUSDT,0.03015,0.3396189324476714,33.96,0.029921428571428568,0.030607142857142864,0.76,1.52,0.1,0.57
LAUSDT,0.05452,0.33953840812920394,33.95,0.05409428571428571,0.05537142857142857,0.78,1.56,-0.13,1.32
WUSDT,0.009075,0.3371782464865467,33.72,0.009029625,0.00916575,0.5,1.0,-0.22,1.86
ALLOUSDT,0.24278,0.3368026998864573,33.68,0.24065571428571428,0.24702857142857143,0.87,1.75,-0.65,0.9
MERLUSDT,0.02111,0.33500303950653293,33.5,0.02083142857142857,0.02166714285714286,1.32,2.64,-0.71,1.12
LTCUSDT,49.44,0.3339613469238112,33.4,48.88428571428572,50.55142857142856,1.12,2.25,0.92,1.18
ADAUSDT,0.2015,0.33366343851028546,33.37,0.20034285714285713,0.20381428571428578,0.57,1.15,-0.3,1.03
GRVTUSDT,0.162,0.3335726147562414,33.36,0.16037142857142858,0.16525714285714285,1.01,2.01,-0.12,0.47
RAREUSDT,0.01272,0.3332914340527649,33.33,0.012647142857142859,0.012865714285714284,0.57,1.15,-0.31,0.36
LIGHTUSDT,0.2179,0.332320036668732,33.23,0.21294285714285716,0.22781428571428572,2.27,4.55,-1.09,1.29
SNXUSDT,0.2118,0.3321024468600995,33.21,0.21007142857142858,0.2152571428571428,0.82,1.63,-0.56,0.73
MORPHOUSDT,2.4039,0.3296757832480457,32.97,2.386414285714286,2.438871428571429,0.73,1.45,-0.53,0.34
1000BONKUSDT,0.002951,0.3286826760919194,32.87,0.002936245,0.00298051,0.5,1.0,-0.17,2.53
SENTUSDT,0.01266,0.32856526119110085,32.86,0.01243,0.013119999999999998,1.82,3.63,1.36,1.02
ONUSDT,0.2534,0.3280073876231409,32.8,0.2496857142857143,0.26082857142857147,1.47,2.93,0.28,0.53
RIVERUSDT,1.587,0.32770477411423865,32.77,1.5735714285714284,1.613857142857143,0.85,1.69,0.13,0.44
GOATUSDT,0.01507,0.3270403509515896,32.7,0.0149,0.01541,1.13,2.26,0.74,0.11
RECALLUSDT,0.0452,0.3263655150459949,32.64,0.04484571428571428,0.04590857142857143,0.78,1.57,0.33,0.51
MITOUSDT,0.0247,0.32576436635546224,32.58,0.024447142857142858,0.025205714285714283,1.02,2.05,-0.6,0.66
ARIAUSDT,0.03214,0.32568921071840445,32.57,0.031934285714285714,0.03255142857142858,0.64,1.28,-0.28,0.83
PUMPUSDT,0.004591,0.3251766717987206,32.52,0.004531142857142858,0.004710714285714283,1.3,2.61,-1.01,0.59
DODOXUSDT,0.019869,0.3230679683386307,32.31,0.019687142857142858,0.020232714285714288,0.92,1.83,-0.22,0.37
HEMIUSDT,0.011576,0.32237351809588916,32.24,0.011212285714285716,0.012303428571428566,3.14,6.28,-0.45,0.63
USUSDT,0.018488,0.3220445229806698,32.2,0.017724714285714285,0.020014571428571434,4.13,8.26,3.66,0.36
TAUSDT,0.0636,0.32154505840749453,32.15,0.06216857142857142,0.06646285714285717,2.25,4.5,-1.1,0.44
ILVUSDT,2.981,0.32025797426996183,32.03,2.960857142857143,3.021285714285714,0.68,1.35,-0.43,0.41
XPLUSDT,0.08378,0.3194829004255837,31.95,0.08299571428571428,0.08534857142857141,0.94,1.87,0.16,0.52
BLESSUSDT,0.010933,0.31795948964459203,31.8,0.010846285714285715,0.011106428571428571,0.79,1.59,-2.31,1.02
FORMUSDT,0.2359,0.317511659017263,31.75,0.23337142857142856,0.24095714285714287,1.07,2.14,0.86,0.33
NOTUSDT,0.0004078,0.3170522103652176,31.71,0.00040488571428571425,0.0004136285714285715,0.71,1.43,0.1,0.34
ROBOUSDT,0.01429,0.316538773840695,31.65,0.013985714285714285,0.014898571428571431,2.13,4.26,0.0,0.46
BSVUSDT,16.58,0.3157860249810158,31.58,16.392857142857146,16.954285714285703,1.13,2.26,0.42,2.63
MYXUSDT,0.07009,0.31512968592400586,31.51,0.06945714285714286,0.07135571428571429,0.9,1.81,0.46,0.59
GTCUSDT,0.08315,0.3144908834206137,31.45,0.08243714285714286,0.08457571428571428,0.86,1.71,0.23,0.45
SANDUSDT,0.03841,0.31362177239734523,31.36,0.03821795,0.0387941,0.5,1.0,-0.52,0.88
UBUSDT,0.13487,0.31276428985079496,31.28,0.13274428571428568,0.13912142857142862,1.58,3.15,0.42,0.55
TSTUSDT,0.01665,0.3122592188447672,31.23,0.01645285714285714,0.017044285714285724,1.18,2.37,-1.71,0.78
ENSUSDT,5.662,0.31146696719121764,31.15,5.601142857142857,5.783714285714285,1.07,2.15,0.64,0.42
ZROUSDT,1.0972,0.3101967188798992,31.02,1.0829714285714285,1.125657142857143,1.3,2.59,0.02,1.59
KITEUSDT,0.12692,0.309595083835809,30.96,0.12586571428571428,0.12902857142857146,0.83,1.66,0.44,0.3
PTBUSDT,0.000753,0.30870605270785617,30.87,0.0007445,0.0007699999999999999,1.13,2.26,-0.41,2.74
SQDUSDT,0.03355,0.30714099681787727,30.71,0.03320142857142857,0.03424714285714287,1.04,2.08,-0.71,0.31
FOGOUSDT,0.00762,0.3065466800904768,30.65,0.007393857142857143,0.008072285714285714,2.97,5.94,1.61,0.7
THEUSDT,0.06861,0.3047964117954963,30.48,0.06816,0.06951000000000002,0.66,1.31,-0.06,0.34
STGUSDT,0.1684,0.3045182638841916,30.45,0.1663285714285714,0.17254285714285716,1.23,2.46,0.84,0.37
AIOUSDT,0.04361,0.30383071257534067,30.38,0.043038571428571426,0.04475285714285716,1.31,2.62,0.0,0.9
IOTXUSDT,0.002844,0.30324742297373675,30.32,0.0028261428571428574,0.002879714285714286,0.63,1.26,0.39,0.4
WIFUSDT,0.2035,0.3014204158864584,30.14,0.2003857142857143,0.20972857142857135,1.53,3.06,0.64,0.67
CARVUSDT,0.03234,0.3012943763067006,30.13,0.03203285714285714,0.03295428571428572,0.95,1.9,0.34,0.44
ESPUSDT,0.08305,0.30087497799232443,30.09,0.08189428571428571,0.08536142857142857,1.39,2.78,0.95,0.46
WLDUSDT,0.3772,0.2984939443353199,29.85,0.375314,0.380972,0.5,1.0,-1.15,1.71
MANTAUSDT,0.05788,0.2977859958674979,29.78,0.057564285714285714,0.058511428571428575,0.55,1.09,0.05,0.95
UAIUSDT,0.2693,0.2958684942677006,29.59,0.2662285714285715,0.275442857142857,1.14,2.28,-1.43,0.75
HANAUSDT,0.01899,0.29485382126269377,29.49,0.01874857142857143,0.01947285714285714,1.27,2.54,0.37,1.43
LAYERUSDT,0.07057,0.29414939008188795,29.41,0.06922285714285716,0.07326428571428567,1.91,3.82,0.04,0.75
EVAAUSDT,0.7547,0.2939526736331259,29.4,0.7412142857142857,0.7816714285714287,1.79,3.57,1.15,1.07
RIFUSDT,0.07658,0.2930756750417113,29.31,0.07563571428571429,0.0784685714285714,1.23,2.47,0.22,0.4
ALGOUSDT,0.087,0.29231104905197824,29.23,0.08606142857142857,0.08887714285714285,1.08,2.16,0.6,0.72
DIAUSDT,0.1441,0.29192385741578175,29.19,0.14111428571428572,0.15007142857142858,2.07,4.14,1.41,1.5
TRADOORUSDT,0.6002,0.2912030607566476,29.12,0.5971989999999999,0.6062019999999999,0.5,1.0,-0.43,1.0
ZKUSDT,0.008095,0.290830578934364,29.08,0.00803742857142857,0.008210142857142859,0.71,1.42,0.14,0.74
XAIUSDT,0.007331,0.2897758145115971,28.98,0.007279428571428571,0.007434142857142857,0.7,1.41,0.07,2.48
ARXUSDT,0.121,0.2896560751449216,28.97,0.120395,0.12221,0.5,1.0,-0.49,0.4
CTRUSDT,0.009418,0.2883326397750702,28.83,0.009313714285714286,0.009626571428571425,1.11,2.21,0.85,0.5
CELOUSDT,0.07462,0.2867322845372208,28.67,0.07399,0.07588000000000002,0.84,1.69,0.15,0.45
DEEPUSDT,0.01351,0.28573373549060377,28.57,0.013424285714285715,0.013681428571428568,0.63,1.27,-1.75,2.32
GRIFFAINUSDT,0.011455,0.28455739612151765,28.46,0.011322,0.011720999999999999,1.16,2.32,0.54,0.49
PROMPTUSDT,0.02316,0.28435341458348223,28.44,0.0230442,0.0233916,0.5,1.0,-0.26,0.2
PORTALUSDT,0.01539,0.2831979810024081,28.32,0.015172857142857142,0.015824285714285714,1.41,2.82,0.52,0.47
PUMPBTCUSDT,0.01153,0.28288636951993734,28.29,0.011472350000000001,0.0116453,0.5,1.0,-0.35,0.28
KMNOUSDT,0.02583,0.28279826632841587,28.28,0.025685714285714284,0.02611857142857143,0.56,1.12,-0.46,0.31
SUSDT,0.02943,0.2823469445781452,28.23,0.029204285714285714,0.029881428571428576,0.77,1.53,-3.03,1.47
INITUSDT,0.05299,0.27924234646010015,27.92,0.05272505,0.0535199,0.5,1.0,-0.34,0.75
FLOWUSDT,0.02843,0.2765124886474746,27.65,0.028137142857142857,0.029015714285714287,1.03,2.06,0.46,0.82
STOUSDT,0.04237,0.2758958182654258,27.59,0.04205571428571429,0.04299857142857142,0.74,1.48,0.19,0.19
VETUSDT,0.006695,0.2748699125423243,27.49,0.0066229999999999995,0.006839000000000002,1.08,2.15,0.36,0.69
HOLOUSDT,0.06663,0.2742846846759317,27.43,0.06597571428571428,0.06793857142857143,0.98,1.96,0.59,0.4
BANKUSDT,0.03509,0.27413176082544466,27.41,0.03465142857142857,0.03596714285714287,1.25,2.5,-0.37,0.55
ETHFIUSDT,0.5335,0.2738396460597283,27.38,0.5257857142857143,0.5489285714285713,1.45,2.89,0.04,0.7
HAEDALUSDT,0.01839,0.2730897013403831,27.31,0.01829805,0.0185739,0.5,1.0,-0.33,0.74
IOUSDT,0.1307,0.2729290354292247,27.29,0.12955714285714287,0.1329857142857143,0.87,1.75,0.23,1.44
METUSDT,0.2101,0.2718174157312175,27.18,0.2086142857142857,0.21307142857142863,0.71,1.41,-0.57,0.43
ONTUSDT,0.0555,0.2706578772909034,27.07,0.055055714285714284,0.056388571428571434,0.8,1.6,0.49,0.36
MEUSDT,0.0599,0.2697442403688927,26.97,0.0596005,0.060499000000000004,0.5,1.0,-0.37,0.99
BANDUSDT,0.1711,0.26947279851983363,26.95,0.16921428571428573,0.17487142857142854,1.1,2.2,0.77,2.11
AUSDT,0.07535,0.2689908854507192,26.9,0.07443285714285715,0.0771842857142857,1.22,2.43,0.71,1.82
LQTYUSDT,0.2193,0.26770447543055,26.77,0.2182035,0.221493,0.5,1.0,-0.14,0.38
ACTUSDT,0.010973,0.26729918231359395,26.73,0.010748857142857142,0.011421285714285717,2.04,4.09,1.45,0.53
DASHUSDT,37.79,0.2662560110148921,26.63,37.510000000000005,38.34999999999999,0.74,1.48,0.08,0.49
HIVEUSDT,0.04252,0.2648463279152624,26.48,0.042288571428571425,0.042982857142857156,0.54,1.09,0.09,0.6
AUCTIONUSDT,3.167,0.26473969593519303,26.47,3.1245714285714286,3.2518571428571423,1.34,2.68,0.83,0.82
GWEIUSDT,0.02457,0.264444575484292,26.44,0.02420285714285714,0.025304285714285724,1.49,2.99,-0.89,0.51
BBUSDT,0.00876,0.26437789683074425,26.44,0.008694285714285715,0.008891428571428571,0.75,1.5,0.11,0.86
APRUSDT,0.2027,0.26364817771406507,26.36,0.2016865,0.204727,0.5,1.0,-0.05,0.57
TURBOUSDT,0.0010897,0.2629939573316068,26.3,0.0010612142857142856,0.0011466714285714291,2.61,5.23,-1.51,0.33
STXUSDT,0.2588,0.2625291055004867,26.25,0.25494285714285714,0.26651428571428565,1.49,2.98,0.08,0.79
SIGNUSDT,0.00804,0.2621293513460697,26.21,0.007912857142857143,0.008294285714285714,1.58,3.16,0.59,0.63
MIRAUSDT,0.04096,0.26176105260081795,26.18,0.04073285714285714,0.04141428571428573,0.55,1.11,-0.65,0.26
KERNELUSDT,0.03752,0.2612193982302472,26.12,0.037332399999999995,0.0378952,0.5,1.0,-0.08,0.5
XTZUSDT,0.22,0.2608024050141469,26.08,0.21692857142857144,0.22614285714285712,1.4,2.79,0.82,0.38
SOLUSDT,103.77,0.26022335287209447,26.02,102.54,106.22999999999998,1.19,2.37,0.6,0.46
FIGHTUSDT,0.003695,0.2599414147816822,25.99,0.003658285714285714,0.0037684285714285714,0.99,1.99,-0.3,0.38
ASTERUSDT,0.6983,0.25982717361797303,25.98,0.6849285714285714,0.7250428571428572,1.91,3.83,1.66,0.32
MEMEUSDT,0.0005306,0.2591122393671369,25.91,0.0005274571428571428,0.0005368857142857143,0.59,1.18,0.02,0.35
VELVETUSDT,0.101,0.2576018060372194,25.76,0.09725714285714286,0.1084857142857143,3.71,7.41,2.85,0.4
NMRUSDT,8.877,0.2575463407394226,25.75,8.763714285714284,9.103571428571433,1.28,2.55,0.89,1.66
KATUSDT,0.004433,0.2571154276168779,25.71,0.004407285714285714,0.004484428571428572,0.58,1.16,-0.27,0.62
GALAUSDT,0.001745,0.2557293725024574,25.57,0.0017310000000000001,0.0017729999999999998,0.8,1.6,-0.11,0.52
TRBUSDT,16.958,0.2556832873404107,25.57,16.846285714285713,17.18142857142857,0.66,1.32,-0.36,0.39
ALPINEUSDT,0.3458,0.2546320404482583,25.46,0.34164285714285714,0.3541142857142857,1.2,2.4,0.73,0.86
REZUSDT,0.002944,0.2524038388999799,25.24,0.0029241428571428574,0.0029837142857142853,0.67,1.35,0.1,0.5
DUSKUSDT,0.06809,0.25188696564313456,25.19,0.06774954999999999,0.0687709,0.5,1.0,-0.42,0.51
MUBARAKUSDT,0.02154,0.2516048125972771,25.16,0.020704285714285717,0.023211428571428567,3.88,7.76,2.91,0.61
SKYAIUSDT,0.05287,0.25133483173965415,25.13,0.05212285714285714,0.054364285714285726,1.41,2.83,0.69,0.54
SKRUSDT,0.009072,0.2506299577634068,25.06,0.00898942857142857,0.00923714285714286,0.91,1.82,0.09,0.38
AEVOUSDT,0.02196,0.2506299577634068,25.06,0.02175714285714286,0.02236571428571428,0.92,1.85,0.09,0.33
REDUSDT,0.1075,0.250620472681571,25.06,0.10482857142857144,0.11284285714285712,2.49,4.97,1.9,0.59
HYPEUSDT,79.816,0.2505585513210487,25.06,79.145,81.15800000000002,0.84,1.68,0.19,0.71
LDOUSDT,0.3579,0.24907770838692941,24.91,0.35465714285714284,0.3643857142857143,0.91,1.81,0.22,0.37
PIPPINUSDT,0.01858,0.24670591934070144,24.67,0.018417142857142858,0.018905714285714283,0.88,1.75,-0.54,0.29
AIAUSDT,0.07919,0.2458659367180788,24.59,0.07858714285714286,0.08039571428571428,0.76,1.52,0.34,0.11
SPELLUSDT,8.18e-05,0.24550545737615143,24.55,8.120000000000001e-05,8.299999999999997e-05,0.73,1.47,-0.37,0.62
ZKPUSDT,0.04277,0.2452769948968316,24.53,0.042202857142857146,0.043904285714285715,1.33,2.65,0.83,1.81
WCTUSDT,0.03727,0.2445405558074518,24.45,0.036911428571428574,0.037987142857142844,0.96,1.92,0.13,0.21
SAFEUSDT,0.08818,0.24275257458026944,24.28,0.08758428571428571,0.08937142857142856,0.68,1.35,0.11,0.49
ZBTUSDT,0.07921,0.24230337854795547,24.23,0.07853142857142857,0.08056714285714286,0.86,1.71,-0.34,0.28
CTSIUSDT,0.02494,0.24213473360458598,24.21,0.024722857142857144,0.025374285714285714,0.87,1.74,-0.12,0.96
BSBUSDT,0.10165,0.2414738844071831,24.15,0.0998,0.10535000000000001,1.82,3.64,0.92,0.56
ZORAUSDT,0.006048,0.23979529536210045,23.98,0.005988428571428572,0.006167142857142858,0.98,1.97,0.03,0.25
ZEREBROUSDT,0.04059,0.23931413284869277,23.93,0.04026042857142857,0.04124914285714286,0.81,1.62,0.49,0.33
TACUSDT,0.00233,0.2390722984272102,23.91,0.002230857142857143,0.0025282857142857143,4.26,8.51,1.13,1.01
RESOLVUSDT,0.0176,0.2376649669637547,23.77,0.017480000000000002,0.017839999999999998,0.68,1.36,0.28,1.14
PARTIUSDT,0.02433,0.23741714190235313,23.74,0.024082857142857142,0.02482428571428572,1.02,2.03,0.37,0.64
GIGGLEUSDT,36.12,0.23670173432879493,23.67,35.768571428571434,36.822857142857124,0.97,1.95,-0.25,0.83
GMXUSDT,7.582,0.23617317423144407,23.62,7.506428571428572,7.733142857142856,1.0,1.99,0.37,0.75
DOSUSDT,0.2517,0.23571894815754335,23.57,0.24972857142857147,0.255642857142857,0.78,1.57,-0.44,1.19
ASTRUSDT,0.005575,0.23526440972248203,23.53,0.005445571428571428,0.005833857142857144,2.32,4.64,1.99,0.49
ACUUSDT,0.11862,0.2317615960151468,23.18,0.11751857142857142,0.12082285714285718,0.93,1.86,-1.63,0.2
COLLECTUSDT,0.06433,0.23145481847762608,23.15,0.06378714285714286,0.06541571428571427,0.84,1.69,-0.02,1.0
ATOMUSDT,1.478,0.23094101321817503,23.09,1.4685714285714286,1.4968571428571427,0.64,1.28,-0.34,0.52
CHZUSDT,0.01357,0.23040054299517757,23.04,0.013445714285714287,0.013818571428571428,0.92,1.83,-0.22,0.28
OGUSDT,2.889,0.23037590151749485,23.04,2.853428571428571,2.960142857142857,1.23,2.46,-0.34,0.33
CATIUSDT,0.05309,0.22982045728817724,22.98,0.05265285714285714,0.053964285714285715,0.82,1.65,-0.17,0.92
HUSDT,0.07875,0.22975878793391785,22.98,0.07739,0.08147,1.73,3.45,0.63,0.57
ACEUSDT,0.19252,0.22940524006032267,22.94,0.1898642857142857,0.19783142857142857,1.38,2.76,0.97,0.84
BMTUSDT,0.02224,0.22869194835280338,22.87,0.022119999999999997,0.022480000000000003,0.54,1.08,-0.36,0.65
KAITOUSDT,0.3107,0.22810710219216412,22.81,0.30601428571428574,0.32007142857142845,1.51,3.02,0.94,1.18
XVGUSDT,0.002429,0.2280167518902489,22.8,0.0024002857142857146,0.0024864285714285713,1.18,2.36,0.45,0.28
API3USDT,0.2258,0.22757657685002228,22.76,0.22464285714285714,0.22811428571428571,0.51,1.02,0.04,0.27
BTRUSDT,0.15995,0.22621248107578149,22.62,0.15840857142857143,0.16303285714285717,0.96,1.93,-2.49,0.57
MMTUSDT,0.1622,0.22599772912796096,22.6,0.16058571428571428,0.16542857142857148,1.0,1.99,0.43,0.62
OGNUSDT,0.01798,0.22597105652933622,22.6,0.017887142857142855,0.01816571428571429,0.52,1.03,0.0,0.5
TURTLEUSDT,0.04107,0.22567511572222584,22.57,0.040811428571428575,0.04158714285714286,0.63,1.26,-0.1,1.61
CROSSUSDT,0.11498,0.22552084720110477,22.55,0.11381142857142858,0.11731714285714284,1.02,2.03,0.52,0.32
MUSDT,1.0393,0.22533740671799432,22.53,1.0298571428571428,1.058185714285714,0.91,1.82,0.28,0.98
FUSDT,0.00316,0.22445059566971134,22.45,0.0031422857142857146,0.003195428571428571,0.56,1.12,0.06,0.31
SANTOSUSDT,0.5209,0.22420331329611487,22.42,0.5155857142857143,0.5315285714285715,1.02,2.04,-0.95,0.33
HUMAUSDT,0.023904,0.22373687717226062,22.37,0.02344657142857143,0.024818857142857143,1.91,3.83,-4.71,0.78
IRYSUSDT,0.01323,0.22355473042637797,22.36,0.01316,0.013370000000000002,0.53,1.06,0.38,0.09
SCRUSDT,0.02267,0.22135380883710692,22.14,0.02246428571428571,0.023081428571428576,0.91,1.81,0.22,0.27
ENAUSDT,0.1605,0.21998458434223975,22.0,0.15724142857142856,0.1670171428571429,2.03,4.06,-0.07,0.62
INUSDT,0.03184,0.21992250824942416,21.99,0.031598571428571434,0.03232285714285713,0.76,1.52,0.09,2.14
2ZUSDT,0.05571,0.219869522337227,21.99,0.05534142857142857,0.05644714285714287,0.66,1.32,0.02,0.63
BIGTIMEUSDT,0.006326,0.2198458988062536,21.98,0.006221428571428571,0.006535142857142857,1.65,3.31,1.05,1.04
COAIUSDT,0.3036,0.2192105507185772,21.92,0.30208199999999996,0.30663599999999996,0.5,1.0,-0.07,0.15
NILUSDT,0.04608,0.21862375711706714,21.86,0.04494714285714285,0.048345714285714304,2.46,4.92,1.86,1.02
AIXBTUSDT,0.02005,0.21853819849754844,21.85,0.01986857142857143,0.020412857142857135,0.9,1.81,0.2,0.53
FIDAUSDT,0.01899,0.2158664454325919,21.59,0.01882571428571429,0.01931857142857142,0.87,1.73,0.16,0.57
BRETTUSDT,0.004998,0.21529944208155433,21.53,0.004953,0.005088,0.9,1.8,0.42,0.7
PENGUUSDT,0.009137,0.21510627619644151,21.51,0.009090428571428572,0.009230142857142853,0.51,1.02,-0.2,0.63
TREEUSDT,0.03717,0.2149909165361773,21.5,0.03671857142857143,0.03807285714285715,1.21,2.43,0.6,1.17
PEOPLEUSDT,0.008214,0.2146517682156835,21.47,0.008147428571428571,0.00834714285714286,0.81,1.62,-0.68,0.3
SPORTFUNUSDT,0.02403,0.2145897864226777,21.46,0.023694285714285713,0.024701428571428572,1.4,2.79,0.46,2.32
CELRUSDT,0.002317,0.2137433483311509,21.37,0.002295428571428571,0.002360142857142858,0.93,1.86,0.3,0.31
WALUSDT,0.02323,0.21358770080991227,21.36,0.022912857142857145,0.023864285714285713,1.37,2.73,0.74,0.44
BIRBUSDT,0.05629,0.2130309777231052,21.3,0.05600855,0.0568529,0.5,1.0,0.11,0.37
DOLOUSDT,0.02512,0.21277337991041054,21.28,0.02494714285714286,0.025465714285714282,0.69,1.38,-0.2,0.48
ANKRUSDT,0.003962,0.21205145820609902,21.21,0.003935999999999999,0.004014000000000002,0.66,1.31,0.05,1.07
CRVUSDT,0.3039,0.21192303626579576,21.19,0.30215714285714285,0.3073857142857143,0.57,1.15,-0.39,0.7
TAKEUSDT,0.05739,0.21082064856056623,21.08,0.056901428571428575,0.05836714285714284,0.85,1.7,-0.38,0.15
COWUSDT,0.1205,0.21047017095062887,21.05,0.11878571428571429,0.12392857142857142,1.42,2.85,0.58,0.75
XANUSDT,0.01274,0.20998367836517953,21.0,0.012285285714285716,0.013649428571428568,3.57,7.14,2.89,0.75
INJUSDT,5.139,0.20976902950507328,20.98,5.093285714285714,5.230428571428573,0.89,1.78,0.33,0.55
SSVUSDT,2.674,0.20903953611306797,20.9,2.6399999999999997,2.7420000000000004,1.27,2.54,-0.15,0.65
SLPUSDT,0.0006135,0.2088806504449396,20.89,0.000609,0.0006225000000000001,0.73,1.47,0.1,0.15
HMSTRUSDT,0.000182,0.20807613893366253,20.81,0.0001788142857142857,0.0001883714285714286,1.75,3.5,1.28,0.3
NEWTUSDT,0.04038,0.20763576482523954,20.76,0.04008571428571429,0.040968571428571424,0.73,1.46,0.0,0.89
APTUSDT,0.5381,0.20736216591340853,20.74,0.5346428571428571,0.5450142857142859,0.64,1.28,-0.15,0.61
CKBUSDT,0.0009847,0.20524964203767299,20.52,0.0009772428571428573,0.0009996142857142856,0.76,1.51,0.25,0.32
FRAXUSDT,0.2989,0.20506372989329574,20.51,0.29392857142857143,0.30884285714285714,1.66,3.33,0.78,1.21
1000XECUSDT,0.006854,0.20442751603258158,20.44,0.006759857142857143,0.007042285714285714,1.37,2.75,0.0,7.13
PUNDIXUSDT,0.08953,0.20424849968246922,20.42,0.08877571428571428,0.09103857142857144,0.84,1.68,0.28,0.26
LSKUSDT,0.09762,0.20377900824507963,20.38,0.09668714285714286,0.09948571428571427,0.96,1.91,-1.89,0.29
GASUSDT,1.281,0.2036426847811589,20.36,1.274595,1.29381,0.5,1.0,0.0,0.39
VANAUSDT,0.8988,0.20264160506553355,20.26,0.8937571428571428,0.9088857142857145,0.56,1.12,-0.14,0.16
ARKMUSDT,0.1104,0.20222806060528833,20.22,0.10940000000000001,0.11239999999999997,0.91,1.81,0.18,1.26
GUNUSDT,0.002975,0.20214062393853227,20.21,0.002960125,0.00300475,0.5,1.0,0.0,0.64
GLMUSDT,0.11431,0.2014178067113617,20.14,0.11256142857142858,0.11780714285714283,1.53,3.06,1.2,0.33
B2USDT,0.451,0.2011600222777647,20.12,0.44834285714285715,0.45631428571428573,0.59,1.18,-0.18,0.9
DRIFTUSDT,0.01199,0.20037251846171886,20.04,0.011891428571428572,0.012187142857142858,0.82,1.64,0.17,0.24
STRKUSDT,0.02456,0.2000588185166293,20.01,0.024395714285714288,0.02488857142857142,0.67,1.34,-0.2,1.37
SYNUSDT,0.1032,0.19867730639298256,19.87,0.10222857142857143,0.10514285714285714,0.94,1.88,0.49,0.45
FARTCOINUSDT,0.1939,0.1982598961801379,19.83,0.1920857142857143,0.19752857142857136,0.94,1.87,-0.21,0.67
RPLUSDT,1.615,0.19765833468938757,19.77,1.606925,1.63115,0.5,1.0,-0.19,0.34
SHELLUSDT,0.02164,0.19586659798576322,19.59,0.021429999999999998,0.022060000000000003,0.97,1.94,0.37,0.59
MONUSDT,0.02667,0.1953029282748887,19.53,0.02617,0.02767,1.87,3.75,0.98,0.25
XRPUSDT,1.3791,0.19487674108548336,19.49,1.3722045,1.392891,0.5,1.0,0.05,0.26
OPGUSDT,0.0856,0.1937838209252554,19.38,0.08438571428571429,0.08802857142857141,1.42,2.84,0.23,2.83
BICOUSDT,0.02248,0.19304483313636386,19.3,0.02218142857142857,0.02307714285714286,1.33,2.66,-2.73,1.42
BROCCOLIF3BUSDT,0.005888,0.1920536704447192,19.21,0.005831428571428572,0.006001142857142857,0.96,1.92,0.63,0.42
EPICUSDT,0.3469,0.19125619193944532,19.13,0.3420857142857143,0.3565285714285713,1.39,2.78,-0.54,0.32
PYTHUSDT,0.04687,0.18941738763231553,18.94,0.04626857142857142,0.04807285714285716,1.28,2.57,0.32,0.79
IMXUSDT,0.1263,0.18865321718303266,18.87,0.12527142857142856,0.12835714285714286,0.81,1.63,0.32,0.39
SYRUPUSDT,0.17648,0.18790785209578895,18.79,0.17548857142857144,0.17846285714285712,0.56,1.12,-0.15,0.25
ATUSDT,0.1337,0.18777878624759176,18.78,0.13208571428571428,0.13692857142857148,1.21,2.41,0.75,0.39
AIOTUSDT,0.03856,0.18770868950063185,18.77,0.03801857142857143,0.03964285714285713,1.4,2.81,0.89,0.25
EULUSDT,1.3804,0.18675658321011718,18.68,1.3584142857142858,1.4243714285714286,1.59,3.19,0.4,0.2
AGTUSDT,0.016212,0.18653697104831,18.65,0.01613094,0.016374120000000002,0.5,1.0,-0.26,0.24
MAVUSDT,0.010702,0.18510132850640817,18.51,0.01054442857142857,0.01101714285714286,1.47,2.94,1.11,0.11
NEARUSDT,1.815,0.1848067767194775,18.48,1.805,1.835,0.55,1.1,-0.17,0.86
ESPORTSUSDT,0.01445,0.18388926536049827,18.39,0.014361428571428572,0.014627142857142854,0.61,1.23,-0.21,0.57
ORCAUSDT,1.257,0.18302931032095757,18.3,1.2474285714285713,1.276142857142857,0.76,1.52,-0.24,0.54
RUNEUSDT,0.4758,0.18302621606070402,18.3,0.46830000000000005,0.4907999999999999,1.58,3.15,0.89,0.82
UNIUSDT,4.395,0.18289901672456987,18.29,4.367142857142857,4.450714285714284,0.63,1.27,-0.29,0.32
NOMUSDT,0.001566,0.18135564702364876,18.14,0.001546857142857143,0.0016042857142857137,1.22,2.44,0.38,0.39
GRAMUSDT,1.363,0.18129302194681052,18.13,1.3537142857142859,1.3815714285714282,0.68,1.36,-0.15,0.26
SOPHUSDT,0.003763,0.18101406339254753,18.1,0.003739,0.0038109999999999993,0.64,1.28,0.0,0.35
YFIUSDT,2259.0,0.17951423375135117,17.95,2243.4285714285716,2290.142857142857,0.69,1.38,-0.04,0.27
YBUSDT,0.09336,0.1795138117262455,17.95,0.09260285714285715,0.09487428571428569,0.81,1.62,-0.6,1.04
AVAAIUSDT,0.008726,0.17949375832922868,17.95,0.008668857142857145,0.008840285714285709,0.65,1.31,0.1,0.49
XNYUSDT,0.006846,0.17771428037184225,17.77,0.006777571428571428,0.006982857142857143,1.0,2.0,-0.39,5.58
CVCUSDT,0.0199,0.1769579610407987,17.7,0.019800500000000002,0.020099000000000002,0.5,1.0,-0.15,0.37
ALTUSDT,0.006219,0.17522174649032732,17.52,0.006180142857142857,0.006296714285714285,0.62,1.25,-0.08,0.3
GPSUSDT,0.009639,0.1748998508703669,17.49,0.009322714285714287,0.010271571428571427,3.28,6.56,2.98,0.34
ATHUSDT,0.004671,0.17485362911072466,17.49,0.004631428571428571,0.004750142857142857,0.85,1.69,0.41,0.22
FETUSDT,0.1513,0.17473204521650448,17.47,0.1505435,0.15281299999999998,0.5,1.0,-0.33,0.68
LUMIAUSDT,0.08326,0.17429532181698298,17.43,0.08214285714285714,0.08549428571428572,1.34,2.68,0.57,1.77
PNUTUSDT,0.05025,0.17412784462767886,17.41,0.049569999999999996,0.05161000000000002,1.35,2.71,0.54,0.45
0GUSDT,0.1611,0.17164006109480612,17.16,0.15694285714285713,0.1694142857142857,2.58,5.16,1.7,3.57
PHAUSDT,0.02457,0.1700051390073103,17.0,0.02444715,0.024815700000000003,0.5,1.0,-0.24,0.31
ZECUSDT,796.17,0.16908238564589986,16.91,787.4414285714286,813.6271428571428,1.1,2.19,0.02,0.45
NAORISUSDT,0.02852,0.1673080345326432,16.73,0.0283774,0.0288052,0.5,1.0,-0.21,0.24
TRUSTUSDT,0.05033,0.1671862222525445,16.72,0.04988,0.05123,0.89,1.79,0.44,0.39
DYMUSDT,0.01498,0.16518942044618906,16.52,0.01489,0.01516,0.6,1.2,-0.2,0.21
XPINUSDT,0.001123,0.16455337806506196,16.46,0.0011017142857142857,0.0011655714285714288,1.9,3.79,0.72,0.39
ROSEUSDT,0.005917,0.1562713584318369,15.63,0.005872428571428572,0.0060061428571428575,0.75,1.51,0.07,0.19
MASKUSDT,0.4392,0.15279881187716265,15.28,0.4316714285714286,0.45425714285714275,1.71,3.43,0.69,1.2
GUAUSDT,0.04073,0.15138601674057933,15.14,0.040235714285714284,0.04171857142857144,1.21,2.43,0.74,0.3
CYSUSDT,0.6282,0.15042771633685714,15.04,0.6195857142857143,0.6454285714285714,1.37,2.74,-2.77,1.13
AXSUSDT,0.8962,0.14865431179464972,14.87,0.8889857142857143,0.9106285714285715,0.8,1.61,0.06,0.14
FHEUSDT,0.02204,0.14753369954334447,14.75,0.021635714285714286,0.02284857142857143,1.83,3.67,1.52,0.27
AVNTUSDT,0.0984,0.14220871778054311,14.22,0.09747714285714285,0.10024571428571431,0.94,1.88,-0.06,0.32
MEWUSDT,0.0004091,0.140407422477397,14.04,0.00040504285714285717,0.00041721428571428573,0.99,1.98,0.17,0.29
AXLUSDT,0.03994,0.13878663827391288,13.88,0.03955285714285714,0.04071428571428573,0.97,1.94,0.38,0.52
MOODENGUSDT,0.0418,0.13795094410709144,13.8,0.04131142857142857,0.042777142857142854,1.17,2.34,0.48,0.22
ALCHUSDT,0.03135,0.13735841430636328,13.74,0.030071428571428572,0.033907142857142865,4.08,8.16,-1.23,0.28
SUIUSDT,0.7376,0.1356732932967637,13.57,0.7327857142857143,0.7472285714285716,0.65,1.31,0.15,0.7
SOONUSDT,0.2062,0.13339154580962218,13.34,0.20408571428571426,0.21042857142857146,1.03,2.05,0.63,0.22
ELSAUSDT,0.04475,0.13098356469502317,13.1,0.04443,0.04539,0.72,1.43,0.47,0.16
RAVEUSDT,0.2632,0.13031059494321268,13.03,0.26107142857142857,0.26745714285714284,0.81,1.62,0.57,0.49
BEATUSDT,0.1291,0.1288509362610362,12.89,0.12505714285714284,0.1371857142857143,3.13,6.26,2.46,0.38
PIXELUSDT,0.004889,0.12262025536402807,12.26,0.004860428571428571,0.004946142857142858,0.58,1.17,0.16,0.76
ZENUSDT,4.916,0.11560959910479349,11.56,4.8878571428571425,4.972285714285716,0.57,1.14,-0.22,0.26
KSMUSDT,3.476,0.11174218266980998,11.17,3.4362857142857144,3.555428571428571,1.14,2.29,0.58,0.27
LYNUSDT,0.03556,0.11020143028851866,11.02,0.03479714285714286,0.037085714285714284,2.15,4.29,1.63,0.22
ZETAUSDT,0.03303,0.10881732729997204,10.88,0.03254142857142857,0.034007142857142854,1.48,2.96,1.07,0.22
BLURUSDT,0.01609,0.10666973031330602,10.67,0.01589,0.016489999999999998,1.24,2.49,0.75,0.3
MOVRUSDT,0.7812,0.10387117076321364,10.39,0.7182428571428572,0.9071142857142857,8.06,16.12,-11.74,0.64
POPCATUSDT,0.05419,0.10235136288853489,10.24,0.05322428571428571,0.056121428571428586,1.78,3.56,1.23,0.1
SONICUSDT,0.02,0.10110255376737756,10.11,0.0199,0.0202,0.5,1.0,-0.15,0.71
MAVIAUSDT,0.02844,0.09914761294259171,9.91,0.028244285714285715,0.02883142857142857,0.69,1.38,0.18,0.84
CETUSUSDT,0.02333,0.09671505694791978,9.67,0.02318142857142857,0.023627142857142857,0.64,1.27,-0.17,0.59
GRASSUSDT,0.3538,0.09023182648244527,9.02,0.3469,0.36760000000000004,1.95,3.9,1.32,0.19
PLAYUSDT,0.03594,0.08226543555090877,8.23,0.03574571428571428,0.03632857142857143,0.54,1.08,-0.08,0.56
